Name,Post-Review Decision,Source for Storage Data,RISE Location ID,Source for Capacity,Data Source Notes ,Actions to Allow Inclusion,Total Capacity,Preferred Label for Map and Table,Preferred Label for PopUp and Modal
Abiquiu,Include if possible,USACE https://water.usace.army.mil/overview/spa/locations/abiquiu,3205,USACE https://w3.spa.usace.army.mil/wc/PertinentData/ Top of Reservoir Volume in Acre-Feet,"Daily data available in HDB and capacity data available here: https://w3.spa.usace.army.mil/wc/PertinentData/, https://water.usace.army.mil/overview/spa/locations/abiquiu",Use USACE data,"1,662,770",Abiquiu,Abiquiu Reservoir (Abiquiu Dam)
Agate,Include (Omit % Avg if needed),RISE,7166,USBR Enterprise Asset Registry,,,4780,Agate,Agate Reservoir (Agate Dam)
Alcova,Include,RISE,259,USBR Enterprise Asset Registry,,,184405,Alcova,Alcova Reservoir (Alcova Dam)
Alfalfa Ditch Diversion Dam,Do Not Include,,--,,,,,,
Alice,Include,RISE,266,USBR Enterprise Asset Registry,,,11034,Lake Alice,Lake Alice (Lake Alice Dams)
Alice 2,Include,RISE,394,USBR Enterprise Asset Registry,,,1166,Little Lake Alice,Little Lake Alice (Little Lake Alice Dam)
Almena Diversion,Do Not Include,,--,,"GP Hydromet - ALKS (no storage, gage height only)",,,,
Altus,Include if possible,RISE (Pending),3640,USBR Enterprise Asset Registry,GP Hydromet - ALTUS (has storage),Add Storage Data to RISE,147925,Altus,Lake Altus (Altus Dam)
American Falls,Include (Omit % Avg if needed),RISE,7167,USBR Enterprise Asset Registry,,,1672590,American Falls,American Falls Reservoir (American Falls Dam)
Anchor,Include,RISE,262,USBR Enterprise Asset Registry,,,17228,Anchor,Anchor Reservoir (Anchor Dam)
Anderson Ranch,Include (Omit % Avg if needed),RISE,3641,USBR Enterprise Asset Registry,,,474942,Anderson Ranch,Anderson Ranch Reservoir (Anderson Ranch Dam)
Anderson-Rose Diversion,Do Not Include,,--,,,,,,
Angostura,Include,RISE,257,USBR Enterprise Asset Registry,,,123048,Angostura,Angostura Reservoir (Angostura Dam)
Angostura Diversion,Do Not Include,,--,,,,,,
Anita,Do Not Include,,--,,,,,,
Apache,Do Not Include,,--,,,,,,
Arrowhead,Do Not Include,,3691,,,,,,
Arrowrock,Include (Omit % Avg if needed),RISE,3642,USBR Enterprise Asset Registry,,,272224,Arrowrock,Arrowrock Reservoir (Arrowrock Dam)
Ashland Lateral Diversion,Do Not Include,,--,,,,,,
Atkinson Diversion Dam,Do Not Include,,--,,,,,,
Audobon,Do Not Include,,2,,,,,,
Avalon,Include,RISE,267,USBR Enterprise Asset Registry,,,4466,Avalon,Avalon Reservoir (Avalon Dam)
Banks,Include (Omit % Avg if needed),RISE,7264,USBR Enterprise Asset Registry,,,1275000,Banks Lake (Dry Falls Dam),Banks Lake (Dry Falls Dam)
Barretts Diversion,Do Not Include,,--,,,,,,
Bartlett,Do Not Include,,--,,,,,,
Bartley Diversion,Do Not Include,,--,,"GP Hydromet - BANE (canal gage, no storage, gage height only)",,,,
Beaver Creek Diversion,Do Not Include,,--,,,,,,
Beaver Dam Creek Diversion,Do Not Include,,--,,,,,,
Belle Fourche,Include,RISE,274,USBR Enterprise Asset Registry,,,172873,Belle Fourche,Belle Fourche Reservoir (Belle Fourche Dam)
Belle Fourche Diversion,Do Not Include,,--,,,,,,
Berryessa,Include,RISE,272,USBR Enterprise Asset Registry,,,1602278,Berryessa (Monticello Dam),Lake Berryessa (Monticello Dam)
Beulah,Include (Omit % Avg if needed),RISE,3643,USBR Enterprise Asset Registry,,,59212,Beulah (Agency Valley Dam),Beulah Reservoir (Agency Valley Dam)
Big Sandy,Include,RISE,277,USBR Enterprise Asset Registry,,,38100,Big Sandy,Big Sandy Reservoir (Big Sandy Dam)
Big Thompson Diversion,Do Not Include,,--,,,,,,
Bighorn,Include,RISE,275,USBR Enterprise Asset Registry,,,1263682,Bighorn (Yellowtail Dam),Bighorn Lake (Yellowtail Dam)
Bighorn River and BIA Canal near St. Xavier,Do Not Include,,276,,,,,,
Billy Clapp,Include (Omit % Avg if needed),RISE,7168,USBR Enterprise Asset Registry,,,64200,Billy Clapp (Pinto Dam),Billy Clapp Lake (Pinto Dam)
Black Canyon,Include (Omit % Avg if needed),RISE,7175,USBR Enterprise Asset Registry,,,29822,Black Canyon (Black Canyon Diversion Dam),Black Canyon Reservoir (Black Canyon Diversion Dam)
Blanco Diversion,Do Not Include,,--,,,,,,
Blue Mesa,Include,RISE,1533,USBR Enterprise Asset Registry,,,938469,Blue Mesa,Blue Mesa Reservoir (Blue Mesa Dam)
Boca,Include if possible,USGS Boca Res NR Truckee CA - USGS-10344490,--,USBR Enterprise Asset Registry,Boca Res NR Truckee CA - USGS-10344490 and https://www.troa.net/tis,Use USGS Data,41110,Boca,Boca Reservoir (Boca Dam)
Boise River Diversion,Do Not Include,,--,,,,,,
Bonny,Do Not Include,,3644,,"GP Hydromet - BONC (has storage). Was drained in 2010, so doesn't have current data",Add Storage Data to RISE? Don't include in Dashboard,,,
Box Butte,Include (Omit % Avg),RISE,268,USBR Enterprise Asset Registry,GP Hydromet - BBNE,,29161,Box Butte,Box Butte Reservoir (Box Butte Dam)
Boysen,Include,RISE,281,USBR Enterprise Asset Registry,,,892226,Boysen,Boysen Reservoir (Boysen Dam)
Brantley,Include,RISE,282,USBR Enterprise Asset Registry,,,384035,Brantley,Brantley Reservoir (Brantley Dam)
Brekken,Do Not Include,,--,,,,,,
Bretch Diversion,Do Not Include,,--,,,,,,
Broadhead Diversion,Do Not Include,,--,,,,,,
Brown Foundation Incorporated,Do Not Include,,--,,,,,,
Buckhorn,Do Not Include,,--,,,,,,
Buffalo Bill,Include,RISE,269,USBR Enterprise Asset Registry,,,646565,Buffalo Bill,Buffalo Bill Reservoir (Buffalo Bill Dam)
Bull,Include,RISE,278,USBR Enterprise Asset Registry,,,152459,Bull Lake,Bull Lake (Bull Lake Dam)
Bully Creek,Include (Omit % Avg if needed),RISE,3646,USBR Enterprise Asset Registry,,,31600,Bully Creek,Bully Creek Reservoir (Bully Creek Dam)
Bully Creek Diversion,Do Not Include,,--,,,,,,
Bumping,Include (Omit % Avg if needed),RISE,3647,USBR Enterprise Asset Registry,,,35400,Bumping Lake,Bumping Lake (Bumping Lake Dam)
C.C. Cragin,Do Not Include,,--,,,,,,
Caballo,Include,RISE,286,USBR Enterprise Asset Registry,,,324509,Caballo,Caballo Reservoir (Caballo Dam)
Cachuma,Include,RISE,292,USBR Enterprise Asset Registry,,,193305,Cachuma (Bradbury Dam),Lake Cachuma (Bradbury Dam)
Cahuilla,Do Not Include,,--,,,,,,
Calamus,Include (Omit % Avg),RISE,287,USBR Enterprise Asset Registry,GP Hydromet - CANE,,119469,Calamus (Virginia Smith Dam),Calamus Reservoir (Virginia Smith Dam)
Cambridge Diversion,Do Not Include,,--,,"GP Hydromet - CDNE (canal gage, no storage, gage height only)",,,,
Cameahwait,Do Not Include,,--,,,,,,
Canyon,Do Not Include,,--,,,,,,
Canyon Ferry,Include,RISE,295,USBR Enterprise Asset Registry,,,1993036,Canyon Ferry,Canyon Ferry Lake (Canyon Ferry Dam)
Carpenteria,Do Not Include,,--,,,,,,
Carson River Diversion,Do Not Include,,--,,,,,,
Carter Creek Diversion,Do Not Include,,--,,,,,,
Carter Lake,Include,RISE,288,USBR Enterprise Asset Registry,,,112230,Carter Lake,Carter Lake Reservoir (Carter Lake Dams)
Cascade,Include (Omit % Avg if needed),RISE,3645,USBR Enterprise Asset Registry,,,693000,Cascade,Lake Cascade (Cascade Dam)
Cascade Creek Diversion,Do Not Include,,--,,,,,,
Casitas,Do Not Include,,--,,,,,,
Causey,Include,RISE,289,USBR Enterprise Asset Registry,,,7870,Causey,Causey Reservoir (Causey Dam)
Cawker City Dike,Do Not Include,,293,,"GP Hydromet - CCKS (no storage, forebay elevation only)",,,,
Cedar Bluff,Include,USGS Cedar Bluff Res NR Ellis KS - USGS-06861500,--,USGS,USGS Monitoring Location USGS-06861500 https://waterdata.usgs.gov/monitoring-location/USGS-06861500,Use USGS Data,173000,Cedar Bluff,Cedar Bluff Reservoir (Cedar Bluff Dam)
Chance,Do Not Include,,--,,,,,,
Chapman Diversion,Do Not Include,,--,,,,,,
Cheney,Include if possible,RISE (Pending),--,USBR Enterprise Asset Registry,GP Hydromet - CHENEY (has storage),Add Storage Data to RISE,262736,Cheney,Cheney Reservoir (Cheney Dam)
Cherry,Do Not Include,,--,,,,,,
Cherry Creek,Do Not Include,,3679,,,,,,
Choke Canyon,Include,RISE,291,USBR Enterprise Asset Registry,,,695271,Choke Canyon,Choke Canyon Reservoir (Choke Canyon Dam)
Clark Canyon,Include,RISE,294,USBR Enterprise Asset Registry,,,251436,Clark Canyon,Clark Canyon Reservoir (Clark Canyon Dam)
Cle Elum,Include (Omit % Avg if needed),RISE,7170,USBR Enterprise Asset Registry,,,705500,Cle Elum,Cle Elum Lake (Cle Elum Dam)
Clear Lake,Include if possible,RISE (Pending),3702,USBR Enterprise Asset Registry,"storage: Hydromet data https://www.usbr.gov/pn/hydromet/klamath/kinstant_graph.html?cbtt=CLK&pcode=AF, instant only",Add Storage Data to RISE,507252,Clear Lake,Clear Lake Reservoir (Clear Lake Dam)
Clear Lake (OR),Include (Omit % Avg if needed),RISE,7200,USBR Enterprise Asset Registry,,,13066,Clear Lake (Wasco Dam),Clear Lake (OR) (Wasco Dam)
Clear Lake (WA),Do Not Include,,--,,"No storage data collected, elevation only",,,,
Clementine,Do Not Include,,3239,,,,,,
Coal Creek Montrose and Delta Diversion,Do Not Include,,--,,,,,,
Coal Mine,Do Not Include,,--,,,,,,
Cochiti,Include if possible,USACE https://water.usace.army.mil/overview/spa/locations/cochiti,305,USACE https://w3.spa.usace.army.mil/wc/PertinentData/ Top of Dam Volume in Acre-Feet,"Daily data available in HDB and capacity data available here: https://w3.spa.usace.army.mil/wc/PertinentData/, https://water.usace.army.mil/overview/spa/locations/cochiti",Use USACE data,"766,819",Cochiti,Cochiti Lake (Cochiti Dam)
Cold Springs,Include (Omit % Avg if needed),RISE,7171,USBR Enterprise Asset Registry,,,39260,Cold Springs,Cold Springs Reservoir (Cold Springs Dam)
Coleman Diversion,Do Not Include,,--,,,,,,
Como,Include (Omit % Avg if needed),RISE,3653,USBR Enterprise Asset Registry,,,45326,Como,Lake Como (Como Dam)
Conconully Lake,Include (Omit % Avg if needed),RISE,7169,USBR Enterprise Asset Registry,,,15700,Conconully Reservoir (Salmon Lake Dam),Conconully Lake (Salmon Lake Dam)
Conconully Reservoir,Include if possible,RISE (Pending),--,USBR Enterprise Asset Registry,Storage: https://www.usbr.gov/pn-bin/daily.pl?station=ccr&format=html&year=2025&month=12&day=29&year=2026&month=1&day=27&pcode=af,Add Storage Data to RISE,13000,Conconully (Conconully Dam),Conconully Reservoir (Conconully Dam)
Conde Creek Diversion,Do Not Include,,--,,,,,,
Contra Loma,Do Not Include,,--,,,,,,
Corbett Diversion Dam,Do Not Include,,--,,,,,,
Crane Prairie,Include (Omit % Avg if needed),RISE,7172,USBR Enterprise Asset Registry,,,59724,Crane Prairie,Crane Prairie Reservoir (Crane Prairie Dam)
Crawford,Include,RISE,3683,USBR Enterprise Asset Registry,,,14395,Crawford,Crawford Reservoir (Crawford Dam)
Crescent,Include if possible,RISE,7173,TBD,"Active Storage of 86900, Storage data will be in RISE",Get capacity,--,Crescent Lake,Crescent Lake (Crescent Lake Dam)
Crystal,Include,RISE,1534,USBR Enterprise Asset Registry,,,25273,Crystal,Crystal Reservoir (Crystal Dam)
Culbertson Diversion,Do Not Include,,--,,"GP Hydromet - CUNE (canal gage, no storage, gage height only)",,,,
Currant Creek,Include,RISE,310,USBR Enterprise Asset Registry,,,15671,Currant Creek,Currant Creek Reservoir (Currant Creek Dam)
Daley Creek Diversion,Do Not Include,,--,,,,,,
Davis Creek,Include (Omit % Avg),RISE,311,USBR Enterprise Asset Registry,GP Hydromet - DANE,,31158,Davis Creek,Davis Creek Reservoir (Davis Creek Dam)
Dead Indian Creek Diversion,Do Not Include,,--,,,,,,
Deadwood,Include (Omit % Avg if needed),RISE,3649,USBR Enterprise Asset Registry,,,162000,Deadwood,Deadwood Reservoir (Deadwood Dam)
Deaver,Do Not Include,,--,,,,,,
Deer Creek,Include,RISE,314,USBR Enterprise Asset Registry,,,153445,Deer Creek,Deer Creek Reservoir (Deer Creek Dam)
Deerfield,Include,RISE,315,USBR Enterprise Asset Registry,,,15654,Deerfield,Deerfield Lake (Deerfield Dam)
Derby Diversion,Do Not Include,,--,,,,,,
Dille Diversion,Do Not Include,,--,,,,,,
Diversion,Do Not Include,,483,,,,,,
Diversion Canal Headworks,Do Not Include,,--,,,,,,
Dodson Diversion,Do Not Include,,--,,,,,,
Dry Creek Diversion Dam,Do Not Include,,--,,,,,,
Dry Spotted Tail Diversion,Do Not Include,,--,,,,,,
Duchesne Diversion,Do Not Include,,--,,,,,,
Dunlap Diversion,Do Not Include,,--,,"GP Hydromet - DUNE (canal gage, no storage, gage height only)",,,,
East Canal Diversion,Do Not Include,,--,,,,,,
East Canyon,Include,RISE,319,USBR Enterprise Asset Registry,,,51200,East Canyon,East Canyon Reservoir (East Canyon Dam)
East Fork Diversion,Do Not Include,,--,,,,,,
East Park Lake,Do Not Include,,--,,,,,,
East Park Reservoir,Do Not Include,,--,,,,,,
East Portal,Do Not Include,,--,,,,,,
Easton,Do Not Include,,--,,,,,,
Echo,Include,RISE,320,USBR Enterprise Asset Registry,,,73940,Echo,Echo Reservoir (Echo Dam)
Eden,Include,RISE,321,USBR Enterprise Asset Registry,,,14421,Eden (Eden Dikes),Eden Reservoir (Eden Dikes)
Edward Arthur Patterson,Include,RISE,318,USBR Enterprise Asset Registry,,,8479,Edward Arthur Patterson (Dickinson Dam),Edward Arthur Patterson Lake (Dickinson Dam)
El Vado,Include,RISE,324,USBR Enterprise Asset Registry,,,214091,El Vado,El Vado Reservoir (El Vado Dam)
Elephant Butte,Include,RISE,323,USBR Enterprise Asset Registry,,,2357104,Elephant Butte,Elephant Butte Reservoir (Elephant Butte Dam)
Elwell,Include,RISE,396,USBR Enterprise Asset Registry,,,1328723,Elwell (Tiber Dam),Lake Elwell (Tiber Dam)
Emigrant,Include (Omit % Avg if needed),RISE,7174,USBR Enterprise Asset Registry,,,40500,Emigrant,Emigrant Reservoir (Emigrant Dam)
Enders,Include if possible,RISE (Pending),3656,USBR Enterprise Asset Registry,GP Hydromet - EDNE (has storage),Add Storage Data to RISE,72958,Enders,Enders Reservoir (Enders Dam)
Estes,Include (Omit % Avg),RISE,429,USBR Enterprise Asset Registry,https://www.usbr.gov/gp-bin/hydromet_dayfiles.pl,,2783,Estes (Olympus Dam),Lake Estes (Olympus Dam)
Ewauna,Do Not Include,,--,,,,,,
Feed Canal Diversion,Do Not Include,,--,,,,,,
Fire Mountain Diversion,Do Not Include,,--,,,,,,
Fish,Include (Omit % Avg if needed),RISE,7176,USBR Enterprise Asset Registry,,,7836,Fish Lake,Fish Lake (Fish Lake Dam)
Flaming Gorge,Include,RISE,1535,USBR Enterprise Asset Registry,,,3791700,Flaming Gorge,Flaming Gorge Reservoir (Flaming Gorge Dam)
Flatiron,Include (Omit % Avg),RISE,331,USBR Enterprise Asset Registry,,,730,Flatiron,Flatiron Reservoir (Flatiron Dam)
Florida Farmers Diversion,Do Not Include,,--,,,,,,
Folsom,Include,RISE,334,USBR Enterprise Asset Registry,,,977000,Folsom,Folsom Lake (Folsom Dam)
Fontenelle,Include,RISE,1536,USBR Enterprise Asset Registry,,,334459,Fontenelle,Fontenelle Reservoir (Fontenelle Dam)
Fort Cobb,Include if possible,RISE (Pending),3657,USBR Enterprise Asset Registry,GP Hydromet - COBB (has storage),Add Storage Data to RISE,133451,Fort Cobb,Fort Cobb Reservoir (Fort Cobb Dam)
Fort Peck,Include if possible,USACE https://water.sec.usace.army.mil/overview/nwdm/locations/ftpk,6885,USACE https://water.usace.army.mil/cda/documents/wc/2506/FortPeckWCM_Final_Dec2018_Redacted.pdf Table IV-1,https://water.sec.usace.army.mil/overview/nwdm/locations/ftpk,Use USACE Data,"18,463,000",Fort Peck,#NAME?
Fort Shaw Diversion,Do Not Include,USACE https://water.usace.army.mil/overview/nww/locations/luc,--,,,,,,
Fort Smith Sewage Disposal Ponds,Do Not Include,,--,,,,,,
Fort Sumner Diversion,Do Not Include,,--,,,,,,
Fort Thornburgh Diversion,Do Not Include,,--,,,,,,
Foss,Include if possible,RISE (Pending),3658,USBR Enterprise Asset Registry,GP Hydromet - FOSS (has storage),Add Storage Data to RISE,349303,Foss,Foss Reservoir (Foss Dam)
Fourmile,Include (Omit % Avg if needed),RISE,7177,USBR Enterprise Asset Registry,,,15600,Fourmile Lake,Fourmile Lake (Fourmile Lake Dam)
Franchi,Do Not Include,,--,,,,,,
Frank Chee Willetto,Do Not Include,,--,,,,,,
Franklin D. Roosevelt,Include if possible,USACE https://water.usace.army.mil/overview/nwdp/locations/gcl,3659,USBR Enterprise Asset Registry,Storage: https://water.usace.army.mil/overview/nwdp/locations/gcl,Use USACE Data,9715346,Franklin D. Roosevelt (Grand Coulee Dam),Franklin D. Roosevelt Lake (Grand Coulee Dam)
French Canyon,Do Not Include,,--,,,,,,
Frenchtown Diversion,Do Not Include,,--,,,,,,
Fresno,Include,RISE,337,USBR Enterprise Asset Registry,,,91746,Fresno,Fresno Reservoir (Fresno Dam)
Fruitgrowers,Include,RISE,338,USBR Enterprise Asset Registry,,,4030,Fruitgrowers,Fruitgrowers Reservoir (Fruitgrowers Dam)
Fryingpan Diversion,Do Not Include,,--,,,,,,
Funks,Do Not Include,,--,,,,,,
Garnet Diversion,Do Not Include,,--,,,,,,
Gerber,Include if possible,RISE (Pending),--,USBR Enterprise Asset Registry,storage: Hydromet data https://www.usbr.gov/pn/hydromet/klamath/kinstant_graph.html?cbtt=GER&pcode=AF,Add Storage Data to RISE,94300,Gerber,Gerber Reservoir (Gerber Dam)
Gibson,Include,RISE,342,USBR Enterprise Asset Registry,,,98688,Gibson,Gibson Reservoir (Gibson Dam)
Glen Anne,Do Not Include,,--,,,,,,
Glendo,Include,RISE,345,USBR Enterprise Asset Registry,,,763039,Glendo,Glendo Reservoir (Glendo Dam)
Gracie Creek,Do Not Include,,--,,,,,,
Granby,Include,RISE,351,USBR Enterprise Asset Registry,,,539758,Granby,Lake Granby (Granby Dam)
Grand,Do Not Include,,344,,,,,,
Grand Valley Diversion,Do Not Include,,--,,,,,,
Granite Diversion,Do Not Include,,--,,,,,,
Granite Reef Diversion,Do Not Include,,--,,,,,,
Grassy,Include (Omit % Avg if needed),RISE,7178,USBR Enterprise Asset Registry,,,15452,Grassy Lake,Grassy Lake (Grassy Lake Dam)
Gray Reef,Include if possible,RISE (Pending),3,USBR Enterprise Asset Registry,Storage: ? MB -Hydromet - GRAR,Fix RISE data feed?,1800,Gray Reef,Gray Reef Reservoir (Gray Reef Dam)
Green Mountain,Include,RISE,353,USBR Enterprise Asset Registry,,,153639,Green Mountain,Green Mountain Reservoir (Green Mountain Dam)
Guernsey,Include (Omit % Avg),RISE,357,USBR Enterprise Asset Registry,MB -Hydromet GUER,,45612,Guernsey,Guernsey Reservoir (Guernsey Dam)
Guide Rock Diversion,Do Not Include,,--,,"GP Hydromet - GDSNE (channel gage, no storage, gage height only)",,,,
Gunnison Diversion,Do Not Include,,--,,,,,,
Hades Diversion,Do Not Include,,--,,,,,,
Halfmoon Diversion,Do Not Include,,--,,,,,,
Hammond Diversion,Do Not Include,,--,,,,,,
Harmon,Do Not Include,,--,,,,,,
Harper Diversion,Do Not Include,,--,,,,,,
Harry Strunk,Include if possible,RISE (Pending),3650,USBR Enterprise Asset Registry,GP Hydromet - HSNE (has storage),Add Storage Data to RISE,87361,Harry Strunk (Medicine Creek Dam),Harry Strunk Lake (Medicine Creek Dam)
Havasu,Include,RISE,3515,USBR Enterprise Asset Registry,,,590262,Havasu (Parker Dam),Lake Havasu (Parker Dam)
Haystack,Include (Omit % Avg if needed),RISE,7179,USBR Enterprise Asset Registry,,,5650,Haystack,Haystack Reservoir (Haystack Dam)
Heckers,Do Not Include,,--,,,,,,
Helena Valley,Include if possible,RISE (Pending),--,USBR Enterprise Asset Registry,GP Hydromet - HVT (has storage),Add Storage Data to RISE,10451,Helena Valley,Helena Valley Reservoir (Helena Valley Dam)
Henry Hagg,Include (Omit % Avg if needed),RISE,3651,USBR Enterprise Asset Registry,,,62216,Henry Hagg (Scoggins Dam),Henry Hagg Lake (Scoggins Dam)
Henrys,Do Not Include,,7180,,,,,,
Heron,Include,RISE,365,USBR Enterprise Asset Registry,,,428360,Heron,Heron Reservoir (Heron Dam)
Hoffer,Do Not Include,,--,,,,,,
Holmes,Do Not Include,,--,,,,,,
Horseshoe,Do Not Include,,--,,,,,,
Horsetooth,Include,RISE,369,USBR Enterprise Asset Registry,,,156735,Horsetooth,Horsetooth Reservoir (Horsetooth Dam)
Howard Prairie,Include (Omit % Avg if needed),RISE,7182,USBR Enterprise Asset Registry,,,62100,Howard Prairie,Howard Prairie Reservoir (Howard Prairie Dam)
Hubbard,Do Not Include,,--,,,,,,
Hugh Butler,Include if possible,RISE (Pending),3652,USBR Enterprise Asset Registry,GP Hydromet - HBNE (has storage),Add Storage Data to RISE,85070,Hugh Butler (Red Willow Dam),Hugh Butler Lake (Red Willow Dam)
Hungry Horse,Include (Omit % Avg if needed),RISE,7181,USBR Enterprise Asset Registry,,,3467179,Hungry Horse,Hungry Horse Reservoir (Hungry Horse Dam)
Hunter Creek Diversion,Do Not Include,,--,,,,,,
Huntington North,Do Not Include,,370,,,,,,
Hyatt,Include (Omit % Avg if needed),RISE,7183,USBR Enterprise Asset Registry,,,16200,Hyatt,Hyatt Reservoir (Hyatt Dam)
Hyrum,Include,RISE,372,USBR Enterprise Asset Registry,,,17746,Hyrum,Hyrum Reservoir (Hyrum Dam)
Imperial,Do Not Include,,7,,,,,,
Ironstone Diversion,Do Not Include,,--,,,,,,
Isabel,Do Not Include,,3708,,,,,,
Island Park,Include (Omit % Avg if needed),RISE,7184,USBR Enterprise Asset Registry,,,135585,Island Park,Island Park Reservoir (Island Park Dam)
Isleta Diversion,Do Not Include,,--,,,,,,
Ivanhoe Diversion,Do Not Include,,--,,,,,,
Jackson,Include (Omit % Avg if needed),RISE,7185,USBR Enterprise Asset Registry,,,847000,Jackson Lake,Jackson Lake (Jackson Lake Dam)
Jackson Gulch,Include,RISE,378,USBR Enterprise Asset Registry,,,9980,Jackson Gulch,Jackson Gulch Reservoir (Jackson Gulch Dam)
James Diversion,Do Not Include,,--,,,,,,
Jamestown,Include,RISE,379,USBR Enterprise Asset Registry,,,220990,Jamestown,Jamestown Reservoir (Jamestown Dam)
Jemez Canyon,Do Not Include,,381,,,,,,
Joes Valley,Do Not Include,,383,,,,,,
Jordanelle,Include (Omit % Avg),RISE,384,USBR Enterprise Asset Registry,,,361500,Jordanelle,Jordanelle Reservoir (Jordanelle Dam)
Kachess,Include (Omit % Avg if needed),RISE,7186,USBR Enterprise Asset Registry,,,239000,Kachess,Kachess Lake (Kachess Dam)
Keechelus,Include (Omit % Avg if needed),RISE,7187,USBR Enterprise Asset Registry,,,158000,Keechelus,Keechelus Lake (Keechelus Dam)
Keene Creek,Do Not Include,,3673,,,,,,
Keith Sebelius,Include,RISE,390,USBR Enterprise Asset Registry,GP Hydromet - KSKS,,133740,Keith Sebelius (Norton Dam),Keith Sebelius Lake (Norton Dam)
Kent Diversion Dam,Do Not Include,,--,,"GP Hydromet - KDNE (canal gage, no storage, gage height only)",,,,
Keswick,Include,RISE,387,USBR Enterprise Asset Registry,,,23772,Keswick,Keswick Reservoir (Keswick Dam)
Keyhole,Include,RISE,388,USBR Enterprise Asset Registry,,,329134,Keyhole,Keyhole Reservoir (Keyhole Dam)
Kirwin,Include,RISE,391,USBR Enterprise Asset Registry,GP Hydromet - KWKS,,313290,Kirwin,Kirwin Reservoir (Kirwin Dam)
Knight Diversion,Do Not Include,,--,,,,,,
Kortes,Include if possible,RISE (Pending),--,USBR Enterprise Asset Registry,MB Hydromet - KORR (has storage),Add Storage Data to RISE,4739,Kortes,Kortes Reservoir (Kortes Dam)
Laguna Diversion,Do Not Include,,--,,,,,,
Lahontan,Include if possible,"USGS Lahontan Res NR Fallon, NV - USGS-10312100",3703,USBR Enterprise Asset Registry,"Lahontan Res NR Fallon, NV - USGS-10312100; https://www.troa.net/tis/",Use USGS Data,319800,Lahontan,Lahontan Reservoir (Lahontan Dam)
Lake Frances,Do Not Include,,5,,,,,,
Lake Waha Feeder Canal Diversion,Do Not Include,,--,,,,,,
Lauro,Do Not Include,,--,,,,,,
Leasburg Diversion,Do Not Include,,--,,,,,,
Lemon,Include,RISE,395,USBR Enterprise Asset Registry,,,40146,Lemon,Lemon Reservoir (Lemon Dam)
Leon Creek Diversion,Do Not Include,,--,,,,,,
Lewiston,Include,RISE,397,USBR Enterprise Asset Registry,,,14660,Lewiston,Lewiston Lake (Lewiston Dam)
Lilly Pad Diversion,Do Not Include,,--,,,,,,
Lima,Do Not Include,,398,,,,,,
Little Beaver Creek Diversion,Do Not Include,,--,,,,,,
Little Hell Creek Diversion,Do Not Include,,--,,,,,,
Little Oso Diversion,Do Not Include,,--,,,,,,
Little Panoche,Do Not Include,,--,,,,,,
Little Robber,Do Not Include,,3709,,,,,,
Little Sandy Diversion,Do Not Include,,--,,,,,,
Little Wood River,Include (Omit % Avg if needed),RISE,7202,USBR Enterprise Asset Registry,,,30000,Little Wood River,Little Wood River Reservoir (Little Wood River Dam)
Livingston,Do Not Include,,3654,,,,,,
Los Banos,Do Not Include,,--,,,,,,
Lost,Include (Omit % Avg),RISE,3209,USBR Enterprise Asset Registry,,,1155,Lost Lake,Lost Lake (Lost Lake Dam)
Lost Creek,Include,RISE,400,USBR Enterprise Asset Registry,,,22510,Lost Creek,Lost Creek Reservoir (Lost Creek Dam)
Lost River,Do Not Include,,--,,,,,,
Loutzenhizer Diversion,Do Not Include,,--,,,,,,
Lovewell,Include,RISE,404,USBR Enterprise Asset Registry,GP Hydromet - LVKS,,86131,Lovewell,Lovewell Reservoir (Lovewell Dam)
Lowell,Include (Omit % Avg if needed),RISE,7188,USBR Enterprise Asset Registry,,,173043,Lowell (Deer Flat Dam),Lake Lowell (Deer Flat Dam)
Lower Yellowstone Diversion,Do Not Include,,--,,,,,,
Lucky Peak,Include if possible,USACE https://water.usace.army.mil/overview/nww/locations/luc,7189,USACE https://water.usace.army.mil/cda/documents/wc/3412/Boise%20WCM%202025%20Redacted.pdf Table 2-15,https://water.usace.army.mil/overview/nww/locations/luc,Use USACE Data,"307,043",Lucky Peak,Lucky Peak Reservoir (Lucky Peak Dam)
Madera Canal Equalization,Do Not Include,,--,,,,,,
Madera Diversion,Do Not Include,,--,,,,,,
Malone Diversion,Do Not Include,,--,,,,,,
Mancos Diversion,Do Not Include,,--,,,,,,
Mann,Include (Omit % Avg if needed),RISE,7198,USBR Enterprise Asset Registry,,,2440,Mann (Reservoir A Dam),Mann Lake (Reservoir A Dam)
Mann Creek,Include (Omit % Avg if needed),RISE,3663,USBR Enterprise Asset Registry,,,12536,Mann Creek,Mann Creek Reservoir (Mann Creek Dam)
Marble Bluff,Do Not Include,,--,,,,,,
Martinez,Do Not Include,,--,,,,,,
Marys,Include,RISE,1,USBR Enterprise Asset Registry,https://www.usbr.gov/gp-bin/hydromet_dayfiles.pl,,927,Marys Lake (Marys Lake Dikes),Marys Lake (Marys Lake Dikes)
Mason,Include (Omit % Avg if needed),RISE,7195,USBR Enterprise Asset Registry,,,95500,Mason,Mason Reservoir (Mason Dam)
Maxwell Canal Diversion,Do Not Include,,--,,,,,,
McGee Creek,Include,RISE,408,USBR Enterprise Asset Registry,,,199276,McGee Creek,McGee Creek Reservoir (McGee Creek Dam)
McKay,Include (Omit % Avg if needed),RISE,3664,USBR Enterprise Asset Registry,,,71534,McKay,McKay Reservoir (McKay Dam)
McPhee,Include,RISE,410,USBR Enterprise Asset Registry,,,381200,McPhee,McPhee Reservoir (McPhee Dam)
Mead,Include,RISE,3514,USBR Enterprise Asset Registry,,,30167000,Mead (Hoover Dam),Lake Mead (Hoover Dam)
Meeks Cabin,Include,RISE,411,USBR Enterprise Asset Registry,,,32470,Meeks Cabin,Meeks Cabin Reservoir (Meeks Cabin Dam)
Meredith,Include if possible,RISE (Pending),--,USBR Enterprise Asset Registry,GP Hydromet - SANFORD (has storage),Add Storage Data to RISE,1358594,Meredith (Sanford Dam),Lake Meredith (Sanford Dam)
Merritt,Include (Omit % Avg),RISE,418,USBR Enterprise Asset Registry,GP Hydromet - MRNE,,66726,Merritt,Merritt Reservoir (Merritt Dam)
Mesilla Diversion,Do Not Include,,--,,,,,,
Middle Cottonwood,Do Not Include,,--,,,,,,
Middle Cunningham Creek Diversion,Do Not Include,,--,,,,,,
Midway Creek Diversion,Do Not Include,,--,,,,,,
Miller Creek Diversion,Do Not Include,,--,,,,,,
Millerton,Include,RISE,413,USBR Enterprise Asset Registry,,,520500,Millerton (Friant Dam),Millerton Lake (Friant Dam)
Milner,Do Not Include,,7190,,,,,,
Minatare,Include,RISE,399,USBR Enterprise Asset Registry,,,58795,Minatare,Lake Minatare (Minatare Dam)
Mohave,Include,RISE,3513,USBR Enterprise Asset Registry,,,1887167,Mohave (Davis Dam),Lake Mohave (Davis Dam)
Molina Equalizing,Do Not Include,,--,,,,,,
Montrose & Delta Diversion,Do Not Include,,--,,,,,,
Moon,Include,RISE,416,USBR Enterprise Asset Registry,,,53633,Moon Lake,Moon Lake (Moon Lake Dam)
Mormon Creek Diversion,Do Not Include,,--,,,,,,
Morrow Point,Include,RISE,417,USBR Enterprise Asset Registry,,,117190,Morrow Point,Morrow Point Reservoir (Morrow Point Dam)
Moses,Do Not Include,,--,,,,,,
Mt. Elbert Forebay,Include (Omit % Avg),RISE,419,USBR Enterprise Asset Registry,,,11143,Mt. Elbert Forebay,Mt. Elbert Forebay (Mt. Elbert Forebay Dam)
Nambe Falls,Include,RISE,3511,USBR Enterprise Asset Registry,,,1729,Nambe Falls,Nambe Falls Reservoir (Nambe Falls Dam)
Nasworthy,Include if possible,RISE,421,TBD,storage data in RISE. Need capacity,Get capacity,--,Nasworthy,Lake Nasworthy (Nasworthy Dam)
Natoma,Include,RISE,422,USBR Enterprise Asset Registry,,,8760,Natoma (Nimbus Dam),Lake Natoma (Nimbus Dam)
Navajo,Include,RISE,423,USBR Enterprise Asset Registry,,,1713900,Navajo,Navajo Reservoir (Navajo Dam)
Nelson,Include,RISE,424,USBR Enterprise Asset Registry,,,78950,Nelson (Nelson Dikes),Nelson Reservoir (Nelson Dikes)
New Johns,Do Not Include,,--,,,,,,
New Melones,Include,RISE,3204,USBR Enterprise Asset Registry,,,2400000,New Melones,New Melones Lake (New Melones Dam)
Newton,Include,RISE,425,USBR Enterprise Asset Registry,,,5594,Newton,Newton Reservoir (Newton Dam)
Nighthorse,Include (Omit % Avg),RISE,392,USBR Enterprise Asset Registry,,,123541,Nighthorse (Ridges Basin Dam),Lake Nighthorse (Ridges Basin Dam)
No Name Creek Diversion,Do Not Include,,--,,,,,,
North Cunningham Creek Diversion,Do Not Include,,--,,,,,,
North Fork Diversion,Do Not Include,,--,,,,,,
North Fork Salmon Creek Diversion,Do Not Include,,--,,,,,,
Northside Diversion,Do Not Include,,--,,,,,,
Oak Street Diversion,Do Not Include,,--,,,,,,
Ochoco,Include (Omit % Avg if needed),RISE,3665,USBR Enterprise Asset Registry,,,44248,Ochoco,Ochoco Reservoir (Ochoco Dam)
Of The Arbuckles,Include if possible,RISE (Pending),--,USBR Enterprise Asset Registry,GP Hydromet - ARBUCK (has storage),Add Storage Data to RISE,108596,Lake Of The Arbuckles (Arbuckle Dam),Lake Of The Arbuckles (Arbuckle Dam)
Ogden Valley Diversion,Do Not Include,,--,,,,,,
Ogden-Brigham Equalizing Reservoir 2,Do Not Include,,--,,,,,,
Ogden-Brigham Wasteway Reservoir 2,Do Not Include,,--,,,,,,
Ogden-Brigham Wasteway Reservoir 3,Do Not Include,,--,,,,,,
Ogden-Brigham Wasteway Reservoir 4,Do Not Include,,--,,,,,,
Ogden-Brigham Wasteway Reservoir 5,Do Not Include,,--,,,,,,
Ogden-Brigham Wasteway Reservoir 6,Do Not Include,,--,,,,,,
Old River,Do Not Include,,--,,,,,,
Oles Pond,Do Not Include,,--,,,,,,
Olmsted Diversion,Do Not Include,,--,,,,,,
OMID Regulating,Do Not Include,,--,,,,,,
O'Neill Forebay,Do Not Include,,--,,,,,,
Oroville,Do Not Include,,3200,,,,,,
Ortega,Do Not Include,,--,,,,,,
Oso Diversion,Do Not Include,,--,,,,,,
Owyhee,Include (Omit % Avg if needed),RISE,7192,USBR Enterprise Asset Registry,,,1120000,Owyhee,Lake Owyhee (Owyhee Dam)
Pactola,Include,RISE,444,USBR Enterprise Asset Registry,,,99029,Pactola,Pactola Reservoir (Pactola Dam)
Palisades,Include (Omit % Avg if needed),RISE,7193,USBR Enterprise Asset Registry,,,1402000,Palisades,Palisades Reservoir (Palisades Dam)
Paonia,Include,RISE,431,USBR Enterprise Asset Registry,,,15522,Paonia,Paonia Reservoir (Paonia Dam)
Paradise Diversion,Do Not Include,,--,,,,,,
Park Creek Diversion,Do Not Include,,--,,,,,,
Pathfinder,Include,RISE,433,USBR Enterprise Asset Registry,,,1070185,Pathfinder,Pathfinder Reservoir (Pathfinder Dam)
Payette,Do Not Include,,7194,,,,,,
Percha Arroyo Diversion,Do Not Include,,--,,,,,,
Percha Diversion,Do Not Include,,--,,,,,,
Phoenix Canal Diversion,Do Not Include,,--,,,,,,
Pilot Butte,Include,RISE,435,USBR Enterprise Asset Registry,,,33721,Pilot Butte,Pilot Butte Reservoir (Pilot Butte Dam)
Pineview,Include,RISE,437,USBR Enterprise Asset Registry,,,110150,Pineview,Pineview Reservoir (Pineview Dam)
Pinewood,Include,RISE,438,USBR Enterprise Asset Registry,,,2104,Pinewood (Rattlesnake Dam),Pinewood Lake (Rattlesnake Dam)
Pishkun,Include,RISE,443,USBR Enterprise Asset Registry,,,46694,Pishkun (Pishkun Dikes),Pishkun Reservoir (Pishkun Dikes)
Platoro,Include (Omit % Avg),RISE,3512,USBR Enterprise Asset Registry,,,59571,Platoro,Platoro Reservoir (Platoro Dam)
Pleasant,Do Not Include,,--,,,,,,
Pole Hill Afterbay,Do Not Include,,--,,,,,,
Pole Hill Creek Diversion,Do Not Include,,--,,,,,,
Potholes,Include (Omit % Avg if needed),RISE,7265,USBR Enterprise Asset Registry,,,511700,Potholes (O'Sullivan Dam),Potholes Reservoir (O'Sullivan Dam)
Powell,Include,RISE,393,USBR Enterprise Asset Registry,,,26215000,Powell (Glen Canyon Dam),Lake Powell (Glen Canyon Dam)
Power Canal Diversion,Do Not Include,,--,,,,,,
Prineville,Include (Omit % Avg if needed),RISE,3666,USBR Enterprise Asset Registry,,,150216,Prineville (Arthur R. Bowman Dam),Prineville Reservoir (Arthur R. Bowman Dam)
Prosser Creek,Include if possible,USGS Prosser C Res NR Truckee CA - USGS-10340300,--,USBR Enterprise Asset Registry,Prosser C Res NR Truckee CA - USGS-10340300;  https://www.troa.net/tis/,Use USGS Data,29840,Prosser Creek,Prosser Creek Reservoir (Prosser Creek Dam)
Prosser Diversion,Do Not Include,,--,,,,,,
Pueblo,Include,RISE,445,USBR Enterprise Asset Registry,,,338374,Pueblo,Pueblo Reservoir (Pueblo Dam)
Putah Diversion,Do Not Include,,--,,,,,,
Rainbow Diversion,Do Not Include,,--,,,,,,
Ralston,Do Not Include,,--,,,,,,
Reach 11 Detention Dike,Do Not Include,,--,,,,,,
Red Fleet,Include,RISE,447,USBR Enterprise Asset Registry,,,26000,Red Fleet,Red Fleet Reservoir (Red Fleet Dam)
Red Willow Creek Diversion,Do Not Include,,--,,"GP Hydromet - RWNE (canal gage, no storage, gage height only)",,,,
Ridgway,Include,RISE,448,USBR Enterprise Asset Registry,,,84410,Ridgway,Ridgway Reservoir (Ridgway Dam)
Rifle Gap,Include if possible,RISE (Pending),--,USBR Enterprise Asset Registry,https://www.usbr.gov/uc/water/hydrodata/reservoir_data/961/dashboard.html#storage/,Add Storage Data to RISE,13602,Rifle Gap,Rifle Gap Reservoir (Rifle Gap Dam)
Rimrock,Include (Omit % Avg if needed),RISE,7196,USBR Enterprise Asset Registry,,,198000,Rimrock (Tieton Dam),Rimrock Lake (Tieton Dam)
Ririe,Include (Omit % Avg if needed),RISE,7197,USBR Enterprise Asset Registry,,,100500,Ririe,Ririe Reservoir (Ririe Dam)
Robles-Casitas Diversion,Do Not Include,,--,,,,,,
Rockport,Include,RISE,453,USBR Enterprise Asset Registry,,,62120,Rockport (Wanship Dam),Rockport Lake (Wanship Dam)
Roza Diversion,Do Not Include,,--,,,,,,
Rubber Detention Dam,Do Not Include,,--,,,,,,
Ruedi,Include,RISE,456,USBR Enterprise Asset Registry,,,102373,Ruedi,Ruedi Reservoir (Ruedi Dam)
S Line,Do Not Include,,--,,,,,,
Sagouspe,Do Not Include,,--,,,,,,
Saguaro,Do Not Include,,--,,,,,,
Saint Marys Diversion,Do Not Include,,--,,,,,,
Salmon Creek Diversion,Do Not Include,,--,,,,,,
Salton Sea,Do Not Include,,3711,,,,,,
San Acacia Dam,Do Not Include,,--,,,,,,
San Justo,Do Not Include,,--,,,,,,
San Luis,Do Not Include,,3730,,,,,,
Sand Coulee Protective Dike,Do Not Include,,--,,,,,,
Sand Mesa 1,Do Not Include,,--,,,,,,
Sand Mesa 2,Do Not Include,,--,,,,,,
Santa Rosa,Include if possible,USACE https://water.usace.army.mil/overview/spa/locations/santa%20rosa,458,USACE https://w3.spa.usace.army.mil/wc/PertinentData/ Top of Dam Volume in Acre-Feet,"Daily data available in HDB and capacity data available here: https://w3.spa.usace.army.mil/wc/PertinentData/, https://water.usace.army.mil/overview/spa/locations/santa%20rosa",Use USACE data,"801,174",Santa Rosa,Santa Rosa Lake (Santa Rosa Dam)
Sawyer Diversion,Do Not Include,,--,,,,,,
Scofield,Include,RISE,466,USBR Enterprise Asset Registry,,,73600,Scofield,Scofield Reservoir (Scofield Dam)
Scooteney,Include (Omit % Avg if needed),RISE,7266,USBR Enterprise Asset Registry,,,15250,Scooteney (Scooteney Dikes),Scooteney Reservoir (Scooteney Dikes)
Selig Diversion,Do Not Include,,--,,,,,,
Seminoe,Include,RISE,467,USBR Enterprise Asset Registry,,,1017273,Seminoe,Seminoe Reservoir (Seminoe Dam)
Senator Wash,Do Not Include,,--,,,,,,
Shadehill,Include,RISE,476,USBR Enterprise Asset Registry,,,350176,Shadehill,Shadehill Reservoir (Shadehill Dam)
Shadow Mountain,Include,RISE,473,USBR Enterprise Asset Registry,,,18369,Shadow Mountain,Shadow Mountain Lake (Shadow Mountain Dam)
Shasta,Include,RISE,471,USBR Enterprise Asset Registry,,,4552090,Shasta,Shasta Lake (Shasta Dam)
Sheckler,Do Not Include,,--,,,,,,
Sherburne,Include,RISE,475,USBR Enterprise Asset Registry,,,66147,Sherburne (Lake Sherburne Dam),Lake Sherburne (Lake Sherburne Dam)
Sheridan County State Lake,Do Not Include,,3712,,,,,,
Silt Diversion Dam,Do Not Include,,--,,,,,,
Silver Jack,Include,RISE,477,USBR Enterprise Asset Registry,,,13520,Silver Jack,Silver Jack Reservoir (Silver Jack Dam)
Slaterville Diversion,Do Not Include,,--,,,,,,
Smith Fork Diversion Dam,Do Not Include,,--,,,,,,
Snyder,Do Not Include,,--,,,,,,
Soda,Do Not Include,,--,,,,,,
Soda Creek Diversion,Do Not Include,,--,,,,,,
Soldiers Meadow,Include (Omit % Avg if needed),RISE,7199,USBR Enterprise Asset Registry,,,2370,Soldiers Meadow,Soldiers Meadow Reservoir (Soldiers Meadow Dam)
South Cunningham Creek Diversion,Do Not Include,,--,,,,,,
South Fork Diversion,Do Not Include,,--,,,,,,
South Fork Little Butte Diversion,Do Not Include,,--,,,,,,
South Ogden Equalizing Reservoir 13,Do Not Include,,--,,,,,,
South Ogden Equalizing Reservoir 17,Do Not Include,,--,,,,,,
South Ogden Equalizing Reservoir 20,Do Not Include,,--,,,,,,
South Ogden Equalizing Reservoir 25,Do Not Include,,--,,,,,,
South Ogden Equalizing Reservoir 25A,Do Not Include,,--,,,,,,
South Ogden Equalizing Reservoir 25B,Do Not Include,,--,,,,,,
South Ogden Equalizing Reservoir 8,Do Not Include,,--,,,,,,
South Ogden Equalizing Reservoir P,Do Not Include,,--,,,,,,
Spanish Fork Diversion,Do Not Include,,--,,,,,,
Spectacle,Do Not Include,,--,,,,,,
Spring Creek,Include,RISE,6,USBR Enterprise Asset Registry,,,5874,Spring Creek (Spring Creek Debris Dam),Spring Creek Reservoir (Spring Creek Debris Dam)
Stampede,Include if possible,USGS STAMPEDE RES NR BOCA CA - USGS-10344300 ,--,USBR Enterprise Asset Registry,USGS 10344300 STAMPEDE RES NR BOCA CA,Use USGS Data,226500,Stampede,Stampede Reservoir (Stampede Dam)
Starvation,Include,RISE,484,USBR Enterprise Asset Registry,,,164118,Starvation,Starvation Reservoir (Starvation Dam)
Stateline,Include,RISE,485,USBR Enterprise Asset Registry,,,14000,Stateline,Stateline Reservoir (Stateline Dam)
Steinaker,Include,RISE,486,USBR Enterprise Asset Registry,,,40043,Steinaker,Steinaker Reservoir (Steinaker Dam)
Stoddard Diversion,Do Not Include,,--,,,,,,
Stony Gorge,Do Not Include,,--,,,,,,
Strawberry,Include,RISE,488,USBR Enterprise Asset Registry,,,1106500,Strawberry (Soldier Creek Dam),Strawberry Reservoir (Soldier Creek Dam)
Sumner,Include,RISE,489,USBR Enterprise Asset Registry,,,124119,Sumner,Sumner Lake (Sumner Dam)
Sunnyside Diversion,Do Not Include,,--,,,,,,
Swanson,Include if possible,RISE (Pending),3667,USBR Enterprise Asset Registry,GP Hydromet - TRNE (has storage),Add Storage Data to RISE,244362,Swanson (Trenton Dam),Swanson Lake (Trenton Dam)
Sweetwater Diversion,Do Not Include,,--,,,,,,
Swift Dam and,Do Not Include,,490,,,,,,
Tahoe,Include if possible,TROA? USGS?,--,USBR Enterprise Asset Registry,https://www.troa.net/tis/ https://nevada.usgs.gov/tahoe/LakeElevation.html,Use TROA data?,744000,Tahoe (Lake Tahoe Dam),Lake Tahoe Reservoir (Lake Tahoe Dam)
Taylor Park,Include,RISE,491,USBR Enterprise Asset Registry,,,106225,Taylor Park,Taylor Park Reservoir (Taylor Park Dam)
Terminal,Do Not Include,,--,,,,,,
Texana,Do Not Include,,3660,,,,,,
Theodore Roosevelt,Do Not Include,,3713,,,,,,
Thief Valley,Include (Omit % Avg if needed),RISE,3668,USBR Enterprise Asset Registry,,,13307,Thief Valley,Thief Valley Reservoir (Thief Valley Dam)
Three Mile Falls Diversion,Do Not Include,,--,,,,,,
Thunderbird,Include if possible,RISE (Pending),3674,USBR Enterprise Asset Registry,GP Hydromet - NORMAN (has storage),Add Storage Data to RISE,172718,Thunderbird (Norman Dam),Lake Thunderbird (Norman Dam)
Tieton Diversion,Do Not Include,,--,,,,,,
Timpanogos Diversion,Do Not Include,,--,,,,,,
Toats Coulee Creek Diversion,Do Not Include,,--,,,,,,
Tom Steed,Include,RISE,3670,USBR Enterprise Asset Registry,,,119051,Tom Steed (Mountain Park Dam),Tom Steed Reservoir (Mountain Park Dam)
Trail Lake (WA),Do Not Include,,--,,,,,,
Trial,Include (Omit % Avg),RISE,3208,USBR Enterprise Asset Registry,,,1928,Trial (Trial Lake Dam),Trial Lake (Trial Lake Dam)
Trinity,Include,RISE,3203,USBR Enterprise Asset Registry,,,2447650,Trinity,Trinity Lake (Trinity Dam)
Tschida,Include,RISE,402,USBR Enterprise Asset Registry,,,212696,Tschida (Heart Butte Dam),Lake Tschida (Heart Butte Dam)
Tub Springs Creek Diversion,Do Not Include,,--,,,,,,
Turquoise,Include,RISE,498,USBR Enterprise Asset Registry,,,129398,Turquoise (Sugar Loaf Dam),Turquoise Lake (Sugar Loaf Dam)
Twin Buttes,Include if possible,RISE (Pending),--,USBR Enterprise Asset Registry,GP Hydromet - TRGT (has storage),Add Storage Data to RISE,641234,Twin Buttes,Twin Buttes Reservoir (Twin Buttes Dam)
Twin Lakes,Include,RISE,499,USBR Enterprise Asset Registry,,,141000,Twin Lakes,Twin Lakes (Twin Lakes Dam)
Twitchell,Do Not Include,,--,,,,,,
Unity,Include (Omit % Avg if needed),RISE,3671,USBR Enterprise Asset Registry,,,25500,Unity,Unity Reservoir (Unity Dam)
Upper Cottonwood,Do Not Include,,--,,,,,,
Upper Klamath,Include if possible,USGS Elevation https://waterdata.usgs.gov/monitoring-location/USGS-11507001,--,USBR Enterprise Asset Registry,Storage: USGS?USGS Elevation: https://waterdata.usgs.gov/monitoring-location/USGS-11507001,"Use USGS Data, calculate storage from elevation",735000,Upper Klamath (Link River Diversion Dam),Upper Klamath Lake (Link River Diversion Dam)
Upper Slaven Diversion,Do Not Include,,--,,,,,,
Upper Stillwater,Include,RISE,500,USBR Enterprise Asset Registry,,,32009,Upper Stillwater,Upper Stillwater Reservoir (Upper Stillwater Dam)
Utah,Include if possible,RISE (Pending),3206,TBD,"https://www.usbr.gov/uc/water/hydrodata/reservoir_data/3606/dashboard.html Daily storage data available in HDB, capacity data ? ",Add Storage Data to RISE,--,Utah Lake,Utah Lake
Ute,Do Not Include,,3714,,,,,,
Vallecito,Include,RISE,501,USBR Enterprise Asset Registry,,,129700,Vallecito,Vallecito Reservoir (Vallecito Dam)
Vandalia Diversion,Do Not Include,,--,,,,,,
Vat Diversion,Do Not Include,,--,,,,,,
Vega,Include if possible,RISE (Pending),--,USBR Enterprise Asset Registry,https://www.usbr.gov/uc/water/hydrodata/reservoir_data/924/dashboard.html,Add Storage Data to RISE,33800,Vega,Vega Reservoir (Vega Dam)
Waconda,Include,RISE,504,USBR Enterprise Asset Registry,GP Hydromet - WAKS,,942408,Waconda (Glen Elder Dam),Waconda Lake (Glen Elder Dam)
Waha,Do Not Include,,3661,,,,,,
Walcott,Include (Omit % Avg if needed),RISE,7191,USBR Enterprise Asset Registry,,,210200,Walcott (Minidoka Dam),Lake Walcott (Minidoka Dam)
Wapato Lake Diversion,Do Not Include,,--,,,,,,
Wapatox Diversion,Do Not Include,,--,,,,,,
Warm Springs,Include (Omit % Avg if needed),RISE,3672,USBR Enterprise Asset Registry,,,169714,Warm Springs,Warm Springs Reservoir (Warm Springs Dam)
Warren H. Brock,Do Not Include,,--,,,,,,
Wasatch Diversion,Do Not Include,,--,,,,,,
Washington,Include (Omit % Avg),RISE,3207,USBR Enterprise Asset Registry,,,3055,Washington (Washington Lake Dam),Washington Lake (Washington Lake Dam)
Water Hollow Diversion,Do Not Include,,--,,,,,,
Webb Creek Diversion,Do Not Include,,--,,,,,,
Weber Basin Equalizing Reservoir 1.9,Do Not Include,,--,,,,,,
Weber Basin Equalizing Reservoir 17.2,Do Not Include,,--,,,,,,
Weber Basin Equalizing Reservoir 17.8,Do Not Include,,--,,,,,,
Weber Basin Equalizing Reservoir 18 Lower,Do Not Include,,--,,,,,,
Weber Basin Equalizing Reservoir 18 Upper,Do Not Include,,--,,,,,,
Weber Basin Equalizing Reservoir 18.5,Do Not Include,,--,,,,,,
Weber Basin Equalizing Reservoir 18.8,Do Not Include,,--,,,,,,
Weber Basin Equalizing Reservoir 18.9,Do Not Include,,--,,,,,,
Weber Basin Equalizing Reservoir 19.5 Lower,Do Not Include,,--,,,,,,
Weber Basin Equalizing Reservoir 19.5 Upper,Do Not Include,,--,,,,,,
Weber Basin Equalizing Reservoir 2.6,Do Not Include,,--,,,,,,
Weber Basin Equalizing Reservoir 4.3,Do Not Include,,--,,,,,,
Weber Basin Equalizing Reservoir 5.0,Do Not Include,,--,,,,,,
Weber Basin Equalizing Reservoir Combe,Do Not Include,,--,,,,,,
Weber Basin Equalizing Reservoir East Sand Ridge,Do Not Include,,--,,,,,,
Weber Basin Equalizing Reservoir Farmington,Do Not Include,,--,,,,,,
Weber Basin Equalizing Reservoir P3.7,Do Not Include,,--,,,,,,
Weber Basin Equalizing Reservoir Uintah Bench Lower,Do Not Include,,--,,,,,,
Weber Basin Equalizing Reservoir Uintah Bench Upper,Do Not Include,,--,,,,,,
Weber Basin Equalizing Reservoir West Sand Ridge,Do Not Include,,--,,,,,,
Weber Provo Diversion,Do Not Include,,--,,,,,,
Webster,Include,RISE,506,USBR Enterprise Asset Registry,GP Hydromet - WBKS,,259510,Webster,Webster Reservoir (Webster Dam)
West Park,Do Not Include,,--,,,,,,
Whalen Diversion,Do Not Include,,--,,,,,,
Whatcom,Do Not Include,,3662,,,,,,
Whiskeytown,Include,RISE,509,USBR Enterprise Asset Registry,,,241096,Whiskeytown,Whiskeytown Lake (Whiskeytown Dam)
Wickiup,Include (Omit % Avg if needed),RISE,7201,USBR Enterprise Asset Registry,,,200000,Wickiup,Wickiup Reservoir (Wickiup Dam)
Willard Bay,Include,RISE,512,USBR Enterprise Asset Registry,,,247302,Willard Bay (Arthur V. Watkins Dam),Willard Bay Reservoir (Arthur V. Watkins Dam)
Willow Creek Forebay,Do Not Include,,--,,,,,,
Willow Creek Reservoir CO,Include,RISE,515,USBR Enterprise Asset Registry,,,10553,Willow Creek Reservoir (CO),Willow Creek Reservoir (CO) (Willow Creek Dam)
Willow Creek Reservoir MT,Include,RISE,508,USBR Enterprise Asset Registry,,,31848,Willow Creek Reservoir (MT),Willow Creek Reservoir (MT) (Willow Creek Dam)
Willwood Diversion,Do Not Include,,--,,,,,,
Win Diversion,Do Not Include,,--,,,,,,
Wind River Diversion,Do Not Include,,--,,,,,,
Winters Creek,Do Not Include,,507,,,,,,
Woodston Diversion,Do Not Include,,--,,,,,,
Yellowstone River Diversion,Do Not Include,,--,,,,,,
Yellowtail Afterbay,Do Not Include,,6882,,,,,,
Zuni Salt,Do Not Include,,3735,,,,,,