Name,Post-Review Decision,Source for Storage Data,Storage Data Type,Source_Name,Identifier,Source for Capacity,Data Source Notes ,Actions to Allow Inclusion,Total Capacity,Preferred Label for Map and Table,Preferred Label for PopUp and Modal,Longitude,Latitude,huc6,doiRegion,state
Marys,Include,RISE,Storage,RISE,1,USBR Enterprise Asset Registry,https://www.usbr.gov/gp-bin/hydromet_dayfiles.pl,,927,Marys Lake (Marys Lake Dikes),Marys Lake (Marys Lake Dikes),,,,,
Gray Reef,Include if possible,RISE (Pending),Storage,RISE (Pending),3,USBR Enterprise Asset Registry,Storage: ? MB -Hydromet - GRAR,Fix RISE data feed?,1800,Gray Reef,Gray Reef Reservoir (Gray Reef Dam),,,,,
Spring Creek,Include,RISE,Storage,RISE,6,USBR Enterprise Asset Registry,,,5874,Spring Creek (Spring Creek Debris Dam),Spring Creek Reservoir (Spring Creek Debris Dam),,,,,
Alfalfa Ditch Diversion Dam,Do Not Include,,Storage,0,--,,,,,,,,,,,
Angostura,Include,RISE,Storage,RISE,257,USBR Enterprise Asset Registry,,,123048,Angostura,Angostura Reservoir (Angostura Dam),,,,,
Alcova,Include,RISE,Storage,RISE,259,USBR Enterprise Asset Registry,,,184405,Alcova,Alcova Reservoir (Alcova Dam),,,,,
Almena Diversion,Do Not Include,,Storage,0,--,,"GP Hydromet - ALKS (no storage, gage height only)",,,,,,,,,
Anchor,Include,RISE,Storage,RISE,262,USBR Enterprise Asset Registry,,,17228,Anchor,Anchor Reservoir (Anchor Dam),,,,,
Alice,Include,RISE,Storage,RISE,266,USBR Enterprise Asset Registry,,,11034,Lake Alice,Lake Alice (Lake Alice Dams),,,,,
Avalon,Include,RISE,Storage,RISE,267,USBR Enterprise Asset Registry,,,4466,Avalon,Avalon Reservoir (Avalon Dam),,,,,
Box Butte,Include (Omit % Avg),RISE,Storage,RISE,268,USBR Enterprise Asset Registry,GP Hydromet - BBNE,,29161,Box Butte,Box Butte Reservoir (Box Butte Dam),,,,,
Anderson-Rose Diversion,Do Not Include,,Storage,0,--,,,,,,,,,,,
Buffalo Bill,Include,RISE,Storage,RISE,269,USBR Enterprise Asset Registry,,,646565,Buffalo Bill,Buffalo Bill Reservoir (Buffalo Bill Dam),,,,,
Angostura Diversion,Do Not Include,,Storage,0,--,,,,,,,,,,,
Anita,Do Not Include,,Storage,0,--,,,,,,,,,,,
Apache,Do Not Include,,Storage,0,--,,,,,,,,,,,
Arrowhead,Do Not Include,,Storage,0,3691,,,,,,,,,,,
Berryessa,Include,RISE,Storage,RISE,272,USBR Enterprise Asset Registry,,,1602278,Berryessa (Monticello Dam),Lake Berryessa (Monticello Dam),,,,,
Ashland Lateral Diversion,Do Not Include,,Storage,0,--,,,,,,,,,,,
Atkinson Diversion Dam,Do Not Include,,Storage,0,--,,,,,,,,,,,
Audobon,Do Not Include,,Storage,0,2,,,,,,,,,,,
Belle Fourche,Include,RISE,Storage,RISE,274,USBR Enterprise Asset Registry,,,172873,Belle Fourche,Belle Fourche Reservoir (Belle Fourche Dam),,,,,
Bighorn,Include,RISE,Storage,RISE,275,USBR Enterprise Asset Registry,,,1263682,Bighorn (Yellowtail Dam),Bighorn Lake (Yellowtail Dam),,,,,
Barretts Diversion,Do Not Include,,Storage,0,--,,,,,,,,,,,
Bartlett,Do Not Include,,Storage,0,--,,,,,,,,,,,
Bartley Diversion,Do Not Include,,Storage,0,--,,"GP Hydromet - BANE (canal gage, no storage, gage height only)",,,,,,,,,
Beaver Creek Diversion,Do Not Include,,Storage,0,--,,,,,,,,,,,
Beaver Dam Creek Diversion,Do Not Include,,Storage,0,--,,,,,,,,,,,
Big Sandy,Include,RISE,Storage,RISE,277,USBR Enterprise Asset Registry,,,38100,Big Sandy,Big Sandy Reservoir (Big Sandy Dam),,,,,
Belle Fourche Diversion,Do Not Include,,Storage,0,--,,,,,,,,,,,
Bull,Include,RISE,Storage,RISE,278,USBR Enterprise Asset Registry,,,152459,Bull Lake,Bull Lake (Bull Lake Dam),,,,,
Boysen,Include,RISE,Storage,RISE,281,USBR Enterprise Asset Registry,,,892226,Boysen,Boysen Reservoir (Boysen Dam),,,,,
Brantley,Include,RISE,Storage,RISE,282,USBR Enterprise Asset Registry,,,384035,Brantley,Brantley Reservoir (Brantley Dam),,,,,
Big Thompson Diversion,Do Not Include,,Storage,0,--,,,,,,,,,,,
Caballo,Include,RISE,Storage,RISE,286,USBR Enterprise Asset Registry,,,324509,Caballo,Caballo Reservoir (Caballo Dam),,,,,
Bighorn River and BIA Canal near St. Xavier,Do Not Include,,Storage,0,276,,,,,,,,,,,
Calamus,Include (Omit % Avg),RISE,Storage,RISE,287,USBR Enterprise Asset Registry,GP Hydromet - CANE,,119469,Calamus (Virginia Smith Dam),Calamus Reservoir (Virginia Smith Dam),,,,,
Carter Lake,Include,RISE,Storage,RISE,288,USBR Enterprise Asset Registry,,,112230,Carter Lake,Carter Lake Reservoir (Carter Lake Dams),,,,,
Blanco Diversion,Do Not Include,,Storage,0,--,,,,,,,,,,,
Causey,Include,RISE,Storage,RISE,289,USBR Enterprise Asset Registry,,,7870,Causey,Causey Reservoir (Causey Dam),,,,,
Choke Canyon,Include,RISE,Storage,RISE,291,USBR Enterprise Asset Registry,,,695271,Choke Canyon,Choke Canyon Reservoir (Choke Canyon Dam),,,,,
Boise River Diversion,Do Not Include,,Storage,0,--,,,,,,,,,,,
Bonny,Do Not Include,,Storage,0,3644,,"GP Hydromet - BONC (has storage). Was drained in 2010, so doesn't have current data",Add Storage Data to RISE? Don't include in Dashboard,,,,,,,,
Cachuma,Include,RISE,Storage,RISE,292,USBR Enterprise Asset Registry,,,193305,Cachuma (Bradbury Dam),Lake Cachuma (Bradbury Dam),,,,,
Clark Canyon,Include,RISE,Storage,RISE,294,USBR Enterprise Asset Registry,,,251436,Clark Canyon,Clark Canyon Reservoir (Clark Canyon Dam),,,,,
Canyon Ferry,Include,RISE,Storage,RISE,295,USBR Enterprise Asset Registry,,,1993036,Canyon Ferry,Canyon Ferry Lake (Canyon Ferry Dam),,,,,
Brekken,Do Not Include,,Storage,0,--,,,,,,,,,,,
Bretch Diversion,Do Not Include,,Storage,0,--,,,,,,,,,,,
Broadhead Diversion,Do Not Include,,Storage,0,--,,,,,,,,,,,
Brown Foundation Incorporated,Do Not Include,,Storage,0,--,,,,,,,,,,,
Buckhorn,Do Not Include,,Storage,0,--,,,,,,,,,,,
Cochiti,Include if possible,USACE https://water.usace.army.mil/overview/spa/locations/cochiti,Storage,USACE https://water.usace.army.mil/overview/spa/locations/cochiti,305,USACE https://w3.spa.usace.army.mil/wc/PertinentData/ Top of Dam Volume in Acre-Feet,"Daily data available in HDB and capacity data available here: https://w3.spa.usace.army.mil/wc/PertinentData/, https://water.usace.army.mil/overview/spa/locations/cochiti",Use USACE data,"766,819",Cochiti,Cochiti Lake (Cochiti Dam),,,,,
Currant Creek,Include,RISE,Storage,RISE,310,USBR Enterprise Asset Registry,,,15671,Currant Creek,Currant Creek Reservoir (Currant Creek Dam),,,,,
Davis Creek,Include (Omit % Avg),RISE,Storage,RISE,311,USBR Enterprise Asset Registry,GP Hydromet - DANE,,31158,Davis Creek,Davis Creek Reservoir (Davis Creek Dam),,,,,
Bully Creek Diversion,Do Not Include,,Storage,0,--,,,,,,,,,,,
Deer Creek,Include,RISE,Storage,RISE,314,USBR Enterprise Asset Registry,,,153445,Deer Creek,Deer Creek Reservoir (Deer Creek Dam),,,,,
C.C. Cragin,Do Not Include,,Storage,0,--,,,,,,,,,,,
Deerfield,Include,RISE,Storage,RISE,315,USBR Enterprise Asset Registry,,,15654,Deerfield,Deerfield Lake (Deerfield Dam),,,,,
Edward Arthur Patterson,Include,RISE,Storage,RISE,318,USBR Enterprise Asset Registry,,,8479,Edward Arthur Patterson (Dickinson Dam),Edward Arthur Patterson Lake (Dickinson Dam),,,,,
Cahuilla,Do Not Include,,Storage,0,--,,,,,,,,,,,
East Canyon,Include,RISE,Storage,RISE,319,USBR Enterprise Asset Registry,,,51200,East Canyon,East Canyon Reservoir (East Canyon Dam),,,,,
Cambridge Diversion,Do Not Include,,Storage,0,--,,"GP Hydromet - CDNE (canal gage, no storage, gage height only)",,,,,,,,,
Cameahwait,Do Not Include,,Storage,0,--,,,,,,,,,,,
Canyon,Do Not Include,,Storage,0,--,,,,,,,,,,,
Echo,Include,RISE,Storage,RISE,320,USBR Enterprise Asset Registry,,,73940,Echo,Echo Reservoir (Echo Dam),,,,,
Carpenteria,Do Not Include,,Storage,0,--,,,,,,,,,,,
Carson River Diversion,Do Not Include,,Storage,0,--,,,,,,,,,,,
Carter Creek Diversion,Do Not Include,,Storage,0,--,,,,,,,,,,,
Eden,Include,RISE,Storage,RISE,321,USBR Enterprise Asset Registry,,,14421,Eden (Eden Dikes),Eden Reservoir (Eden Dikes),,,,,
Elephant Butte,Include,RISE,Storage,RISE,323,USBR Enterprise Asset Registry,,,2357104,Elephant Butte,Elephant Butte Reservoir (Elephant Butte Dam),,,,,
Cascade Creek Diversion,Do Not Include,,Storage,0,--,,,,,,,,,,,
Casitas,Do Not Include,,Storage,0,--,,,,,,,,,,,
El Vado,Include,RISE,Storage,RISE,324,USBR Enterprise Asset Registry,,,214091,El Vado,El Vado Reservoir (El Vado Dam),,,,,
Cawker City Dike,Do Not Include,,Storage,0,293,,"GP Hydromet - CCKS (no storage, forebay elevation only)",,,,,,,,,
Cedar Bluff,Include,,Storage,USGS,06861500,,USGS Monitoring Location USGS-06861500 https://waterdata.usgs.gov/monitoring-location/USGS-06861500,,173000,Cedar Bluff,Cedar Bluff Reservoir (Cedar Bluff Dam),,,,,
Chance,Do Not Include,,Storage,0,--,,,,,,,,,,,
Chapman Diversion,Do Not Include,,Storage,0,--,,,,,,,,,,,
Flatiron,Include (Omit % Avg),RISE,Storage,RISE,331,USBR Enterprise Asset Registry,,,730,Flatiron,Flatiron Reservoir (Flatiron Dam),,,,,
Cherry,Do Not Include,,Storage,0,--,,,,,,,,,,,
Cherry Creek,Do Not Include,,Storage,0,3679,,,,,,,,,,,
Folsom,Include,RISE,Storage,RISE,334,USBR Enterprise Asset Registry,,,977000,Folsom,Folsom Lake (Folsom Dam),,,,,
Fresno,Include,RISE,Storage,RISE,337,USBR Enterprise Asset Registry,,,91746,Fresno,Fresno Reservoir (Fresno Dam),,,,,
Fruitgrowers,Include,RISE,Storage,RISE,338,USBR Enterprise Asset Registry,,,4030,Fruitgrowers,Fruitgrowers Reservoir (Fruitgrowers Dam),,,,,
Gibson,Include,RISE,Storage,RISE,342,USBR Enterprise Asset Registry,,,98688,Gibson,Gibson Reservoir (Gibson Dam),,,,,
Glendo,Include,RISE,Storage,RISE,345,USBR Enterprise Asset Registry,,,763039,Glendo,Glendo Reservoir (Glendo Dam),,,,,
Clear Lake (WA),Do Not Include,,Storage,0,--,,"No storage data collected, elevation only",,,,,,,,,
Clementine,Do Not Include,,Storage,0,3239,,,,,,,,,,,
Coal Creek Montrose and Delta Diversion,Do Not Include,,Storage,0,--,,,,,,,,,,,
Coal Mine,Do Not Include,,Storage,0,--,,,,,,,,,,,
Granby,Include,RISE,Storage,RISE,351,USBR Enterprise Asset Registry,,,539758,Granby,Lake Granby (Granby Dam),,,,,
Green Mountain,Include,RISE,Storage,RISE,353,USBR Enterprise Asset Registry,,,153639,Green Mountain,Green Mountain Reservoir (Green Mountain Dam),,,,,
Coleman Diversion,Do Not Include,,Storage,0,--,,,,,,,,,,,
Guernsey,Include (Omit % Avg),RISE,Storage,RISE,357,USBR Enterprise Asset Registry,MB -Hydromet GUER,,45612,Guernsey,Guernsey Reservoir (Guernsey Dam),,,,,
Heron,Include,RISE,Storage,RISE,365,USBR Enterprise Asset Registry,,,428360,Heron,Heron Reservoir (Heron Dam),,,,,
Horsetooth,Include,RISE,Storage,RISE,369,USBR Enterprise Asset Registry,,,156735,Horsetooth,Horsetooth Reservoir (Horsetooth Dam),,,,,
Conde Creek Diversion,Do Not Include,,Storage,0,--,,,,,,,,,,,
Contra Loma,Do Not Include,,Storage,0,--,,,,,,,,,,,
Corbett Diversion Dam,Do Not Include,,Storage,0,--,,,,,,,,,,,
Hyrum,Include,RISE,Storage,RISE,372,USBR Enterprise Asset Registry,,,17746,Hyrum,Hyrum Reservoir (Hyrum Dam),,,,,
Jackson Gulch,Include,RISE,Storage,RISE,378,USBR Enterprise Asset Registry,,,9980,Jackson Gulch,Jackson Gulch Reservoir (Jackson Gulch Dam),,,,,
Jamestown,Include,RISE,Storage,RISE,379,USBR Enterprise Asset Registry,,,220990,Jamestown,Jamestown Reservoir (Jamestown Dam),,,,,
Jordanelle,Include (Omit % Avg),RISE,Storage,RISE,384,USBR Enterprise Asset Registry,,,361500,Jordanelle,Jordanelle Reservoir (Jordanelle Dam),,,,,
Culbertson Diversion,Do Not Include,,Storage,0,--,,"GP Hydromet - CUNE (canal gage, no storage, gage height only)",,,,,,,,,
Keswick,Include,RISE,Storage,RISE,387,USBR Enterprise Asset Registry,,,23772,Keswick,Keswick Reservoir (Keswick Dam),,,,,
Daley Creek Diversion,Do Not Include,,Storage,0,--,,,,,,,,,,,
Keyhole,Include,RISE,Storage,RISE,388,USBR Enterprise Asset Registry,,,329134,Keyhole,Keyhole Reservoir (Keyhole Dam),,,,,
Dead Indian Creek Diversion,Do Not Include,,Storage,0,--,,,,,,,,,,,
Keith Sebelius,Include,RISE,Storage,RISE,390,USBR Enterprise Asset Registry,GP Hydromet - KSKS,,133740,Keith Sebelius (Norton Dam),Keith Sebelius Lake (Norton Dam),,,,,
Deaver,Do Not Include,,Storage,0,--,,,,,,,,,,,
Kirwin,Include,RISE,Storage,RISE,391,USBR Enterprise Asset Registry,GP Hydromet - KWKS,,313290,Kirwin,Kirwin Reservoir (Kirwin Dam),,,,,
Nighthorse,Include (Omit % Avg),RISE,Storage,RISE,392,USBR Enterprise Asset Registry,,,123541,Nighthorse (Ridges Basin Dam),Lake Nighthorse (Ridges Basin Dam),,,,,
Derby Diversion,Do Not Include,,Storage,0,--,,,,,,,,,,,
Dille Diversion,Do Not Include,,Storage,0,--,,,,,,,,,,,
Diversion,Do Not Include,,Storage,0,483,,,,,,,,,,,
Diversion Canal Headworks,Do Not Include,,Storage,0,--,,,,,,,,,,,
Dodson Diversion,Do Not Include,,Storage,0,--,,,,,,,,,,,
Dry Creek Diversion Dam,Do Not Include,,Storage,0,--,,,,,,,,,,,
Dry Spotted Tail Diversion,Do Not Include,,Storage,0,--,,,,,,,,,,,
Duchesne Diversion,Do Not Include,,Storage,0,--,,,,,,,,,,,
Dunlap Diversion,Do Not Include,,Storage,0,--,,"GP Hydromet - DUNE (canal gage, no storage, gage height only)",,,,,,,,,
East Canal Diversion,Do Not Include,,Storage,0,--,,,,,,,,,,,
Powell,Include,RISE,Storage,RISE,393,USBR Enterprise Asset Registry,,,26215000,Powell (Glen Canyon Dam),Lake Powell (Glen Canyon Dam),,,,,
East Fork Diversion,Do Not Include,,Storage,0,--,,,,,,,,,,,
East Park Lake,Do Not Include,,Storage,0,--,,,,,,,,,,,
East Park Reservoir,Do Not Include,,Storage,0,--,,,,,,,,,,,
East Portal,Do Not Include,,Storage,0,--,,,,,,,,,,,
Easton,Do Not Include,,Storage,0,--,,,,,,,,,,,
Alice 2,Include,RISE,Storage,RISE,394,USBR Enterprise Asset Registry,,,1166,Little Lake Alice,Little Lake Alice (Little Lake Alice Dam),,,,,
Lemon,Include,RISE,Storage,RISE,395,USBR Enterprise Asset Registry,,,40146,Lemon,Lemon Reservoir (Lemon Dam),,,,,
Elwell,Include,RISE,Storage,RISE,396,USBR Enterprise Asset Registry,,,1328723,Elwell (Tiber Dam),Lake Elwell (Tiber Dam),,,,,
Lewiston,Include,RISE,Storage,RISE,397,USBR Enterprise Asset Registry,,,14660,Lewiston,Lewiston Lake (Lewiston Dam),,,,,
Minatare,Include,RISE,Storage,RISE,399,USBR Enterprise Asset Registry,,,58795,Minatare,Lake Minatare (Minatare Dam),,,,,
Lost Creek,Include,RISE,Storage,RISE,400,USBR Enterprise Asset Registry,,,22510,Lost Creek,Lost Creek Reservoir (Lost Creek Dam),,,,,
Tschida,Include,RISE,Storage,RISE,402,USBR Enterprise Asset Registry,,,212696,Tschida (Heart Butte Dam),Lake Tschida (Heart Butte Dam),,,,,
Lovewell,Include,RISE,Storage,RISE,404,USBR Enterprise Asset Registry,GP Hydromet - LVKS,,86131,Lovewell,Lovewell Reservoir (Lovewell Dam),,,,,
McGee Creek,Include,RISE,Storage,RISE,408,USBR Enterprise Asset Registry,,,199276,McGee Creek,McGee Creek Reservoir (McGee Creek Dam),,,,,
Ewauna,Do Not Include,,Storage,0,--,,,,,,,,,,,
Feed Canal Diversion,Do Not Include,,Storage,0,--,,,,,,,,,,,
Fire Mountain Diversion,Do Not Include,,Storage,0,--,,,,,,,,,,,
McPhee,Include,RISE,Storage,RISE,410,USBR Enterprise Asset Registry,,,381200,McPhee,McPhee Reservoir (McPhee Dam),,,,,
Meeks Cabin,Include,RISE,Storage,RISE,411,USBR Enterprise Asset Registry,,,32470,Meeks Cabin,Meeks Cabin Reservoir (Meeks Cabin Dam),,,,,
Millerton,Include,RISE,Storage,RISE,413,USBR Enterprise Asset Registry,,,520500,Millerton (Friant Dam),Millerton Lake (Friant Dam),,,,,
Florida Farmers Diversion,Do Not Include,,Storage,0,--,,,,,,,,,,,
Moon,Include,RISE,Storage,RISE,416,USBR Enterprise Asset Registry,,,53633,Moon Lake,Moon Lake (Moon Lake Dam),,,,,
Morrow Point,Include,RISE,Storage,RISE,417,USBR Enterprise Asset Registry,,,117190,Morrow Point,Morrow Point Reservoir (Morrow Point Dam),,,,,
Merritt,Include (Omit % Avg),RISE,Storage,RISE,418,USBR Enterprise Asset Registry,GP Hydromet - MRNE,,66726,Merritt,Merritt Reservoir (Merritt Dam),,,,,
Mt. Elbert Forebay,Include (Omit % Avg),RISE,Storage,RISE,419,USBR Enterprise Asset Registry,,,11143,Mt. Elbert Forebay,Mt. Elbert Forebay (Mt. Elbert Forebay Dam),,,,,
Fort Shaw Diversion,Do Not Include,USACE https://water.usace.army.mil/overview/nww/locations/luc,Storage,USACE,luc,,,,,,,,,,,
Fort Smith Sewage Disposal Ponds,Do Not Include,,Storage,0,--,,,,,,,,,,,
Fort Sumner Diversion,Do Not Include,,Storage,0,--,,,,,,,,,,,
Fort Thornburgh Diversion,Do Not Include,,Storage,0,--,,,,,,,,,,,
Nasworthy,Include if possible,RISE,Storage,RISE,421,TBD,storage data in RISE. Need capacity,Get capacity,--,Nasworthy,Lake Nasworthy (Nasworthy Dam),,,,,
Natoma,Include,RISE,Storage,RISE,422,USBR Enterprise Asset Registry,,,8760,Natoma (Nimbus Dam),Lake Natoma (Nimbus Dam),,,,,
Franchi,Do Not Include,,Storage,0,--,,,,,,,,,,,
Frank Chee Willetto,Do Not Include,,Storage,0,--,,,,,,,,,,,
Navajo,Include,RISE,Storage,RISE,423,USBR Enterprise Asset Registry,,,1713900,Navajo,Navajo Reservoir (Navajo Dam),,,,,
French Canyon,Do Not Include,,Storage,0,--,,,,,,,,,,,
Frenchtown Diversion,Do Not Include,,Storage,0,--,,,,,,,,,,,
Nelson,Include,RISE,Storage,RISE,424,USBR Enterprise Asset Registry,,,78950,Nelson (Nelson Dikes),Nelson Reservoir (Nelson Dikes),,,,,
Newton,Include,RISE,Storage,RISE,425,USBR Enterprise Asset Registry,,,5594,Newton,Newton Reservoir (Newton Dam),,,,,
Fryingpan Diversion,Do Not Include,,Storage,0,--,,,,,,,,,,,
Funks,Do Not Include,,Storage,0,--,,,,,,,,,,,
Garnet Diversion,Do Not Include,,Storage,0,--,,,,,,,,,,,
Estes,Include (Omit % Avg),RISE,Storage,RISE,429,USBR Enterprise Asset Registry,https://www.usbr.gov/gp-bin/hydromet_dayfiles.pl,,2783,Estes (Olympus Dam),Lake Estes (Olympus Dam),,,,,
Paonia,Include,RISE,Storage,RISE,431,USBR Enterprise Asset Registry,,,15522,Paonia,Paonia Reservoir (Paonia Dam),,,,,
Glen Anne,Do Not Include,,Storage,0,--,,,,,,,,,,,
Pathfinder,Include,RISE,Storage,RISE,433,USBR Enterprise Asset Registry,,,1070185,Pathfinder,Pathfinder Reservoir (Pathfinder Dam),,,,,
Gracie Creek,Do Not Include,,Storage,0,--,,,,,,,,,,,
Pilot Butte,Include,RISE,Storage,RISE,435,USBR Enterprise Asset Registry,,,33721,Pilot Butte,Pilot Butte Reservoir (Pilot Butte Dam),,,,,
Grand,Do Not Include,,Storage,0,344,,,,,,,,,,,
Grand Valley Diversion,Do Not Include,,Storage,0,--,,,,,,,,,,,
Granite Diversion,Do Not Include,,Storage,0,--,,,,,,,,,,,
Granite Reef Diversion,Do Not Include,,Storage,0,--,,,,,,,,,,,
Pineview,Include,RISE,Storage,RISE,437,USBR Enterprise Asset Registry,,,110150,Pineview,Pineview Reservoir (Pineview Dam),,,,,
Pinewood,Include,RISE,Storage,RISE,438,USBR Enterprise Asset Registry,,,2104,Pinewood (Rattlesnake Dam),Pinewood Lake (Rattlesnake Dam),,,,,
Pishkun,Include,RISE,Storage,RISE,443,USBR Enterprise Asset Registry,,,46694,Pishkun (Pishkun Dikes),Pishkun Reservoir (Pishkun Dikes),,,,,
Pactola,Include,RISE,Storage,RISE,444,USBR Enterprise Asset Registry,,,99029,Pactola,Pactola Reservoir (Pactola Dam),,,,,
Guide Rock Diversion,Do Not Include,,Storage,0,--,,"GP Hydromet - GDSNE (channel gage, no storage, gage height only)",,,,,,,,,
Gunnison Diversion,Do Not Include,,Storage,0,--,,,,,,,,,,,
Hades Diversion,Do Not Include,,Storage,0,--,,,,,,,,,,,
Halfmoon Diversion,Do Not Include,,Storage,0,--,,,,,,,,,,,
Hammond Diversion,Do Not Include,,Storage,0,--,,,,,,,,,,,
Harmon,Do Not Include,,Storage,0,--,,,,,,,,,,,
Harper Diversion,Do Not Include,,Storage,0,--,,,,,,,,,,,
Pueblo,Include,RISE,Storage,RISE,445,USBR Enterprise Asset Registry,,,338374,Pueblo,Pueblo Reservoir (Pueblo Dam),,,,,
Red Fleet,Include,RISE,Storage,RISE,447,USBR Enterprise Asset Registry,,,26000,Red Fleet,Red Fleet Reservoir (Red Fleet Dam),,,,,
Ridgway,Include,RISE,Storage,RISE,448,USBR Enterprise Asset Registry,,,84410,Ridgway,Ridgway Reservoir (Ridgway Dam),,,,,
Heckers,Do Not Include,,Storage,0,--,,,,,,,,,,,
Rockport,Include,RISE,Storage,RISE,453,USBR Enterprise Asset Registry,,,62120,Rockport (Wanship Dam),Rockport Lake (Wanship Dam),,,,,
Ruedi,Include,RISE,Storage,RISE,456,USBR Enterprise Asset Registry,,,102373,Ruedi,Ruedi Reservoir (Ruedi Dam),,,,,
Henrys,Do Not Include,,Storage,0,7180,,,,,,,,,,,
Santa Rosa,Include if possible,https://water.usace.army.mil/cda/reporting/providers/spa/timeseries?name=Santa%20Rosa.Stor.Inst.15Minutes.0.DCP-rev&begin=2026-01-27T04:54:15.485Z&end=2026-02-03T04:54:15.485Z&format=csv,Storage,USACE,Santa Rosa,USACE https://w3.spa.usace.army.mil/wc/PertinentData/ Top of Dam Volume in Acre-Feet,"Daily data available in HDB and capacity data available here: https://w3.spa.usace.army.mil/wc/PertinentData/, https://water.usace.army.mil/overview/spa/locations/santa%20rosa",Use USACE data,"801,174",Santa Rosa,Santa Rosa Lake (Santa Rosa Dam),,,,,
Hoffer,Do Not Include,,Storage,0,--,,,,,,,,,,,
Holmes,Do Not Include,,Storage,0,--,,,,,,,,,,,
Horseshoe,Do Not Include,,Storage,0,--,,,,,,,,,,,
Scofield,Include,RISE,Storage,RISE,466,USBR Enterprise Asset Registry,,,73600,Scofield,Scofield Reservoir (Scofield Dam),,,,,
Seminoe,Include,RISE,Storage,RISE,467,USBR Enterprise Asset Registry,,,1017273,Seminoe,Seminoe Reservoir (Seminoe Dam),,,,,
Hubbard,Do Not Include,,Storage,0,--,,,,,,,,,,,
Shasta,Include,RISE,Storage,RISE,471,USBR Enterprise Asset Registry,,,4552090,Shasta,Shasta Lake (Shasta Dam),,,,,
Shadow Mountain,Include,RISE,Storage,RISE,473,USBR Enterprise Asset Registry,,,18369,Shadow Mountain,Shadow Mountain Lake (Shadow Mountain Dam),,,,,
Hunter Creek Diversion,Do Not Include,,Storage,0,--,,,,,,,,,,,
Huntington North,Do Not Include,,Storage,0,370,,,,,,,,,,,
Sherburne,Include,RISE,Storage,RISE,475,USBR Enterprise Asset Registry,,,66147,Sherburne (Lake Sherburne Dam),Lake Sherburne (Lake Sherburne Dam),,,,,
Shadehill,Include,RISE,Storage,RISE,476,USBR Enterprise Asset Registry,,,350176,Shadehill,Shadehill Reservoir (Shadehill Dam),,,,,
Imperial,Do Not Include,,Storage,0,7,,,,,,,,,,,
Ironstone Diversion,Do Not Include,,Storage,0,--,,,,,,,,,,,
Isabel,Do Not Include,,Storage,0,3708,,,,,,,,,,,
Silver Jack,Include,RISE,Storage,RISE,477,USBR Enterprise Asset Registry,,,13520,Silver Jack,Silver Jack Reservoir (Silver Jack Dam),,,,,
Isleta Diversion,Do Not Include,,Storage,0,--,,,,,,,,,,,
Ivanhoe Diversion,Do Not Include,,Storage,0,--,,,,,,,,,,,
Starvation,Include,RISE,Storage,RISE,484,USBR Enterprise Asset Registry,,,164118,Starvation,Starvation Reservoir (Starvation Dam),,,,,
Stateline,Include,RISE,Storage,RISE,485,USBR Enterprise Asset Registry,,,14000,Stateline,Stateline Reservoir (Stateline Dam),,,,,
James Diversion,Do Not Include,,Storage,0,--,,,,,,,,,,,
Steinaker,Include,RISE,Storage,RISE,486,USBR Enterprise Asset Registry,,,40043,Steinaker,Steinaker Reservoir (Steinaker Dam),,,,,
Jemez Canyon,Do Not Include,,Storage,0,381,,,,,,,,,,,
Joes Valley,Do Not Include,,Storage,0,383,,,,,,,,,,,
Strawberry,Include,RISE,Storage,RISE,488,USBR Enterprise Asset Registry,,,1106500,Strawberry (Soldier Creek Dam),Strawberry Reservoir (Soldier Creek Dam),,,,,
Sumner,Include,RISE,Storage,RISE,489,USBR Enterprise Asset Registry,,,124119,Sumner,Sumner Lake (Sumner Dam),,,,,
Taylor Park,Include,RISE,Storage,RISE,491,USBR Enterprise Asset Registry,,,106225,Taylor Park,Taylor Park Reservoir (Taylor Park Dam),,,,,
Keene Creek,Do Not Include,,Storage,0,3673,,,,,,,,,,,
Turquoise,Include,RISE,Storage,RISE,498,USBR Enterprise Asset Registry,,,129398,Turquoise (Sugar Loaf Dam),Turquoise Lake (Sugar Loaf Dam),,,,,
Kent Diversion Dam,Do Not Include,,Storage,0,--,,"GP Hydromet - KDNE (canal gage, no storage, gage height only)",,,,,,,,,
Twin Lakes,Include,RISE,Storage,RISE,499,USBR Enterprise Asset Registry,,,141000,Twin Lakes,Twin Lakes (Twin Lakes Dam),,,,,
Upper Stillwater,Include,RISE,Storage,RISE,500,USBR Enterprise Asset Registry,,,32009,Upper Stillwater,Upper Stillwater Reservoir (Upper Stillwater Dam),,,,,
Vallecito,Include,RISE,Storage,RISE,501,USBR Enterprise Asset Registry,,,129700,Vallecito,Vallecito Reservoir (Vallecito Dam),,,,,
Knight Diversion,Do Not Include,,Storage,0,--,,,,,,,,,,,
Waconda,Include,RISE,Storage,RISE,504,USBR Enterprise Asset Registry,GP Hydromet - WAKS,,942408,Waconda (Glen Elder Dam),Waconda Lake (Glen Elder Dam),,,,,
Laguna Diversion,Do Not Include,,Storage,0,--,,,,,,,,,,,
Webster,Include,RISE,Storage,RISE,506,USBR Enterprise Asset Registry,GP Hydromet - WBKS,,259510,Webster,Webster Reservoir (Webster Dam),,,,,
Lake Frances,Do Not Include,,Storage,0,5,,,,,,,,,,,
Lake Waha Feeder Canal Diversion,Do Not Include,,Storage,0,--,,,,,,,,,,,
Lauro,Do Not Include,,Storage,0,--,,,,,,,,,,,
Leasburg Diversion,Do Not Include,,Storage,0,--,,,,,,,,,,,
Willow Creek Reservoir MT,Include,RISE,Storage,RISE,508,USBR Enterprise Asset Registry,,,31848,Willow Creek Reservoir (MT),Willow Creek Reservoir (MT) (Willow Creek Dam),,,,,
Leon Creek Diversion,Do Not Include,,Storage,0,--,,,,,,,,,,,
Whiskeytown,Include,RISE,Storage,RISE,509,USBR Enterprise Asset Registry,,,241096,Whiskeytown,Whiskeytown Lake (Whiskeytown Dam),,,,,
Lilly Pad Diversion,Do Not Include,,Storage,0,--,,,,,,,,,,,
Lima,Do Not Include,,Storage,0,398,,,,,,,,,,,
Little Beaver Creek Diversion,Do Not Include,,Storage,0,--,,,,,,,,,,,
Little Hell Creek Diversion,Do Not Include,,Storage,0,--,,,,,,,,,,,
Little Oso Diversion,Do Not Include,,Storage,0,--,,,,,,,,,,,
Little Panoche,Do Not Include,,Storage,0,--,,,,,,,,,,,
Little Robber,Do Not Include,,Storage,0,3709,,,,,,,,,,,
Little Sandy Diversion,Do Not Include,,Storage,0,--,,,,,,,,,,,
Willard Bay,Include,RISE,Storage,RISE,512,USBR Enterprise Asset Registry,,,247302,Willard Bay (Arthur V. Watkins Dam),Willard Bay Reservoir (Arthur V. Watkins Dam),,,,,
Livingston,Do Not Include,,Storage,0,3654,,,,,,,,,,,
Los Banos,Do Not Include,,Storage,0,--,,,,,,,,,,,
Willow Creek Reservoir CO,Include,RISE,Storage,RISE,515,USBR Enterprise Asset Registry,,,10553,Willow Creek Reservoir (CO),Willow Creek Reservoir (CO) (Willow Creek Dam),,,,,
Blue Mesa,Include,RISE,Storage,RISE,1533,USBR Enterprise Asset Registry,,,938469,Blue Mesa,Blue Mesa Reservoir (Blue Mesa Dam),,,,,
Lost River,Do Not Include,,Storage,0,--,,,,,,,,,,,
Loutzenhizer Diversion,Do Not Include,,Storage,0,--,,,,,,,,,,,
Crystal,Include,RISE,Storage,RISE,1534,USBR Enterprise Asset Registry,,,25273,Crystal,Crystal Reservoir (Crystal Dam),,,,,
Flaming Gorge,Include,RISE,Storage,RISE,1535,USBR Enterprise Asset Registry,,,3791700,Flaming Gorge,Flaming Gorge Reservoir (Flaming Gorge Dam),,,,,
Lower Yellowstone Diversion,Do Not Include,,Storage,0,--,,,,,,,,,,,
Fontenelle,Include,RISE,Storage,RISE,1536,USBR Enterprise Asset Registry,,,334459,Fontenelle,Fontenelle Reservoir (Fontenelle Dam),,,,,
Madera Canal Equalization,Do Not Include,,Storage,0,--,,,,,,,,,,,
Madera Diversion,Do Not Include,,Storage,0,--,,,,,,,,,,,
Malone Diversion,Do Not Include,,Storage,0,--,,,,,,,,,,,
Mancos Diversion,Do Not Include,,Storage,0,--,,,,,,,,,,,
Trinity,Include,RISE,Storage,RISE,3203,USBR Enterprise Asset Registry,,,2447650,Trinity,Trinity Lake (Trinity Dam),,,,,
New Melones,Include,RISE,Storage,RISE,3204,USBR Enterprise Asset Registry,,,2400000,New Melones,New Melones Lake (New Melones Dam),,,,,
Marble Bluff,Do Not Include,,Storage,0,--,,,,,,,,,,,
Martinez,Do Not Include,,Storage,0,--,,,,,,,,,,,
Abiquiu,Include if possible,USACE https://water.usace.army.mil/overview/spa/locations/abiquiu,Storage,USACE https://water.usace.army.mil/overview/spa/locations/abiquiu,abiquiu,USACE https://w3.spa.usace.army.mil/wc/PertinentData/ Top of Reservoir Volume in Acre-Feet,"Daily data available in HDB and capacity data available here: https://w3.spa.usace.army.mil/wc/PertinentData/, https://water.usace.army.mil/overview/spa/locations/abiquiu",Use USACE data,"1,662,770",Abiquiu,Abiquiu Reservoir (Abiquiu Dam),,,,,
Utah,Include if possible,RISE (Pending),Storage,RISE (Pending),3206,TBD,"https://www.usbr.gov/uc/water/hydrodata/reservoir_data/3606/dashboard.html Daily storage data available in HDB, capacity data ? ",Add Storage Data to RISE,--,Utah Lake,Utah Lake,,,,,
Maxwell Canal Diversion,Do Not Include,,Storage,0,--,,,,,,,,,,,
Washington,Include (Omit % Avg),RISE,Storage,RISE,3207,USBR Enterprise Asset Registry,,,3055,Washington (Washington Lake Dam),Washington Lake (Washington Lake Dam),,,,,
Trial,Include (Omit % Avg),RISE,Storage,RISE,3208,USBR Enterprise Asset Registry,,,1928,Trial (Trial Lake Dam),Trial Lake (Trial Lake Dam),,,,,
Lost,Include (Omit % Avg),RISE,Storage,RISE,3209,USBR Enterprise Asset Registry,,,1155,Lost Lake,Lost Lake (Lost Lake Dam),,,,,
Nambe Falls,Include,RISE,Storage,RISE,3511,USBR Enterprise Asset Registry,,,1729,Nambe Falls,Nambe Falls Reservoir (Nambe Falls Dam),,,,,
Platoro,Include (Omit % Avg),RISE,Storage,RISE,3512,USBR Enterprise Asset Registry,,,59571,Platoro,Platoro Reservoir (Platoro Dam),,,,,
Mohave,Include,RISE,Storage,RISE,3513,USBR Enterprise Asset Registry,,,1887167,Mohave (Davis Dam),Lake Mohave (Davis Dam),,,,,
Mead,Include,RISE,Storage,RISE,3514,USBR Enterprise Asset Registry,,,30167000,Mead (Hoover Dam),Lake Mead (Hoover Dam),,,,,
Mesilla Diversion,Do Not Include,,Storage,0,--,,,,,,,,,,,
Middle Cottonwood,Do Not Include,,Storage,0,--,,,,,,,,,,,
Middle Cunningham Creek Diversion,Do Not Include,,Storage,0,--,,,,,,,,,,,
Midway Creek Diversion,Do Not Include,,Storage,0,--,,,,,,,,,,,
Miller Creek Diversion,Do Not Include,,Storage,0,--,,,,,,,,,,,
Havasu,Include,RISE,Storage,RISE,3515,USBR Enterprise Asset Registry,,,590262,Havasu (Parker Dam),Lake Havasu (Parker Dam),,,,,
Milner,Do Not Include,,Storage,0,7190,,,,,,,,,,,
Altus,Include if possible,RISE (Pending),Storage,RISE (Pending),3640,USBR Enterprise Asset Registry,GP Hydromet - ALTUS (has storage),Add Storage Data to RISE,147925,Altus,Lake Altus (Altus Dam),,,,,
Anderson Ranch,Include (Omit % Avg if needed),RISE,Storage,RISE,3641,USBR Enterprise Asset Registry,,,474942,Anderson Ranch,Anderson Ranch Reservoir (Anderson Ranch Dam),,,,,
Molina Equalizing,Do Not Include,,Storage,0,--,,,,,,,,,,,
Montrose & Delta Diversion,Do Not Include,,Storage,0,--,,,,,,,,,,,
Arrowrock,Include (Omit % Avg if needed),RISE,Storage,RISE,3642,USBR Enterprise Asset Registry,,,272224,Arrowrock,Arrowrock Reservoir (Arrowrock Dam),,,,,
Mormon Creek Diversion,Do Not Include,,Storage,0,--,,,,,,,,,,,
Beulah,Include (Omit % Avg if needed),RISE,Storage,RISE,3643,USBR Enterprise Asset Registry,,,59212,Beulah (Agency Valley Dam),Beulah Reservoir (Agency Valley Dam),,,,,
Moses,Do Not Include,,Storage,0,--,,,,,,,,,,,
Cascade,Include (Omit % Avg if needed),RISE,Storage,RISE,3645,USBR Enterprise Asset Registry,,,693000,Cascade,Lake Cascade (Cascade Dam),,,,,
Bully Creek,Include (Omit % Avg if needed),RISE,Storage,RISE,3646,USBR Enterprise Asset Registry,,,31600,Bully Creek,Bully Creek Reservoir (Bully Creek Dam),,,,,
Bumping,Include (Omit % Avg if needed),RISE,Storage,RISE,3647,USBR Enterprise Asset Registry,,,35400,Bumping Lake,Bumping Lake (Bumping Lake Dam),,,,,
Deadwood,Include (Omit % Avg if needed),RISE,Storage,RISE,3649,USBR Enterprise Asset Registry,,,162000,Deadwood,Deadwood Reservoir (Deadwood Dam),,,,,
Harry Strunk,Include if possible,RISE (Pending),Storage,RISE (Pending),3650,USBR Enterprise Asset Registry,GP Hydromet - HSNE (has storage),Add Storage Data to RISE,87361,Harry Strunk (Medicine Creek Dam),Harry Strunk Lake (Medicine Creek Dam),,,,,
Henry Hagg,Include (Omit % Avg if needed),RISE,Storage,RISE,3651,USBR Enterprise Asset Registry,,,62216,Henry Hagg (Scoggins Dam),Henry Hagg Lake (Scoggins Dam),,,,,
New Johns,Do Not Include,,Storage,0,--,,,,,,,,,,,
Hugh Butler,Include if possible,RISE (Pending),Storage,RISE (Pending),3652,USBR Enterprise Asset Registry,GP Hydromet - HBNE (has storage),Add Storage Data to RISE,85070,Hugh Butler (Red Willow Dam),Hugh Butler Lake (Red Willow Dam),,,,,
Como,Include (Omit % Avg if needed),RISE,Storage,RISE,3653,USBR Enterprise Asset Registry,,,45326,Como,Lake Como (Como Dam),,,,,
Enders,Include if possible,RISE (Pending),Storage,RISE (Pending),3656,USBR Enterprise Asset Registry,GP Hydromet - EDNE (has storage),Add Storage Data to RISE,72958,Enders,Enders Reservoir (Enders Dam),,,,,
No Name Creek Diversion,Do Not Include,,Storage,0,--,,,,,,,,,,,
North Cunningham Creek Diversion,Do Not Include,,Storage,0,--,,,,,,,,,,,
North Fork Diversion,Do Not Include,,Storage,0,--,,,,,,,,,,,
North Fork Salmon Creek Diversion,Do Not Include,,Storage,0,--,,,,,,,,,,,
Northside Diversion,Do Not Include,,Storage,0,--,,,,,,,,,,,
Oak Street Diversion,Do Not Include,,Storage,0,--,,,,,,,,,,,
Fort Cobb,Include if possible,RISE (Pending),Storage,RISE (Pending),3657,USBR Enterprise Asset Registry,GP Hydromet - COBB (has storage),Add Storage Data to RISE,133451,Fort Cobb,Fort Cobb Reservoir (Fort Cobb Dam),,,,,
Foss,Include if possible,RISE (Pending),Storage,RISE (Pending),3658,USBR Enterprise Asset Registry,GP Hydromet - FOSS (has storage),Add Storage Data to RISE,349303,Foss,Foss Reservoir (Foss Dam),,,,,
Ogden Valley Diversion,Do Not Include,,Storage,0,--,,,,,,,,,,,
Ogden-Brigham Equalizing Reservoir 2,Do Not Include,,Storage,0,--,,,,,,,,,,,
Ogden-Brigham Wasteway Reservoir 2,Do Not Include,,Storage,0,--,,,,,,,,,,,
Ogden-Brigham Wasteway Reservoir 3,Do Not Include,,Storage,0,--,,,,,,,,,,,
Ogden-Brigham Wasteway Reservoir 4,Do Not Include,,Storage,0,--,,,,,,,,,,,
Ogden-Brigham Wasteway Reservoir 5,Do Not Include,,Storage,0,--,,,,,,,,,,,
Ogden-Brigham Wasteway Reservoir 6,Do Not Include,,Storage,0,--,,,,,,,,,,,
Old River,Do Not Include,,Storage,0,--,,,,,,,,,,,
Oles Pond,Do Not Include,,Storage,0,--,,,,,,,,,,,
Olmsted Diversion,Do Not Include,,Storage,0,--,,,,,,,,,,,
OMID Regulating,Do Not Include,,Storage,0,--,,,,,,,,,,,
O'Neill Forebay,Do Not Include,,Storage,0,--,,,,,,,,,,,
Oroville,Do Not Include,,Storage,0,3200,,,,,,,,,,,
Ortega,Do Not Include,,Storage,0,--,,,,,,,,,,,
Oso Diversion,Do Not Include,,Storage,0,--,,,,,,,,,,,
Franklin D. Roosevelt,Include if possible,https://water.usace.army.mil/cda/reporting/providers/nwdp/timeseries?name=GCL.Stor.Inst.1Hour.0.CBT-REV&begin=2026-01-27T05:06:35.469Z&end=2026-02-03T05:06:35.469Z&format=csv,Storage,USACE,gcl,USBR Enterprise Asset Registry,Storage: https://water.usace.army.mil/overview/nwdp/locations/gcl,Use USACE Data,9715346,Franklin D. Roosevelt (Grand Coulee Dam),Franklin D. Roosevelt Lake (Grand Coulee Dam),,,,,
Mann Creek,Include (Omit % Avg if needed),RISE,Storage,RISE,3663,USBR Enterprise Asset Registry,,,12536,Mann Creek,Mann Creek Reservoir (Mann Creek Dam),,,,,
McKay,Include (Omit % Avg if needed),RISE,Storage,RISE,3664,USBR Enterprise Asset Registry,,,71534,McKay,McKay Reservoir (McKay Dam),,,,,
Ochoco,Include (Omit % Avg if needed),RISE,Storage,RISE,3665,USBR Enterprise Asset Registry,,,44248,Ochoco,Ochoco Reservoir (Ochoco Dam),,,,,
Paradise Diversion,Do Not Include,,Storage,0,--,,,,,,,,,,,
Park Creek Diversion,Do Not Include,,Storage,0,--,,,,,,,,,,,
Prineville,Include (Omit % Avg if needed),RISE,Storage,RISE,3666,USBR Enterprise Asset Registry,,,150216,Prineville (Arthur R. Bowman Dam),Prineville Reservoir (Arthur R. Bowman Dam),,,,,
Payette,Do Not Include,,Storage,0,7194,,,,,,,,,,,
Percha Arroyo Diversion,Do Not Include,,Storage,0,--,,,,,,,,,,,
Percha Diversion,Do Not Include,,Storage,0,--,,,,,,,,,,,
Phoenix Canal Diversion,Do Not Include,,Storage,0,--,,,,,,,,,,,
Swanson,Include if possible,RISE (Pending),Storage,RISE (Pending),3667,USBR Enterprise Asset Registry,GP Hydromet - TRNE (has storage),Add Storage Data to RISE,244362,Swanson (Trenton Dam),Swanson Lake (Trenton Dam),,,,,
Thief Valley,Include (Omit % Avg if needed),RISE,Storage,RISE,3668,USBR Enterprise Asset Registry,,,13307,Thief Valley,Thief Valley Reservoir (Thief Valley Dam),,,,,
Tom Steed,Include,RISE,Storage,RISE,3670,USBR Enterprise Asset Registry,,,119051,Tom Steed (Mountain Park Dam),Tom Steed Reservoir (Mountain Park Dam),,,,,
Unity,Include (Omit % Avg if needed),RISE,Storage,RISE,3671,USBR Enterprise Asset Registry,,,25500,Unity,Unity Reservoir (Unity Dam),,,,,
Warm Springs,Include (Omit % Avg if needed),RISE,Storage,RISE,3672,USBR Enterprise Asset Registry,,,169714,Warm Springs,Warm Springs Reservoir (Warm Springs Dam),,,,,
Pleasant,Do Not Include,,Storage,0,--,,,,,,,,,,,
Pole Hill Afterbay,Do Not Include,,Storage,0,--,,,,,,,,,,,
Pole Hill Creek Diversion,Do Not Include,,Storage,0,--,,,,,,,,,,,
Thunderbird,Include if possible,RISE (Pending),Storage,RISE (Pending),3674,USBR Enterprise Asset Registry,GP Hydromet - NORMAN (has storage),Add Storage Data to RISE,172718,Thunderbird (Norman Dam),Lake Thunderbird (Norman Dam),,,,,
Crawford,Include,RISE,Storage,RISE,3683,USBR Enterprise Asset Registry,,,14395,Crawford,Crawford Reservoir (Crawford Dam),,,,,
Power Canal Diversion,Do Not Include,,Storage,0,--,,,,,,,,,,,
Clear Lake,Include if possible,RISE (Pending),Storage,RISE (Pending),3702,USBR Enterprise Asset Registry,"storage: Hydromet data https://www.usbr.gov/pn/hydromet/klamath/kinstant_graph.html?cbtt=CLK&pcode=AF, instant only",Add Storage Data to RISE,507252,Clear Lake,Clear Lake Reservoir (Clear Lake Dam),,,,,
Lahontan,Include if possible,"USGS Lahontan Res NR Fallon, NV - USGS-10312100",Storage,USGS,10312100,USBR Enterprise Asset Registry,"Lahontan Res NR Fallon, NV - USGS-10312100; https://www.troa.net/tis/",Use USGS Data,319800,Lahontan,Lahontan Reservoir (Lahontan Dam),,,,,
Prosser Diversion,Do Not Include,,Storage,0,--,,,,,,,,,,,
Fort Peck,Include if possible,https://water.sec.usace.army.mil/ohttps://water.usace.army.mil/cda/reporting/providers/nwdm/timeseries?name=FTPK.Stor.Inst.~1Day.0.Best-MRBWM&begin=2026-01-27T04:58:29.734Z&end=2026-02-03T04:58:29.734Z&format=csv,Storage,USACE,FTPK,USACE https://water.usace.army.mil/cda/documents/wc/2506/FortPeckWCM_Final_Dec2018_Redacted.pdf Table IV-1,https://water.sec.usace.army.mil/overview/nwdm/locations/ftpk,Use USACE Data,"18,463,000",Fort Peck,#NAME?,,,,,
Putah Diversion,Do Not Include,,Storage,0,--,,,,,,,,,,,
Rainbow Diversion,Do Not Include,,Storage,0,--,,,,,,,,,,,
Ralston,Do Not Include,,Storage,0,--,,,,,,,,,,,
Reach 11 Detention Dike,Do Not Include,,Storage,0,--,,,,,,,,,,,
Agate,Include (Omit % Avg if needed),RISE,Storage,RISE,7166,USBR Enterprise Asset Registry,,,4780,Agate,Agate Reservoir (Agate Dam),,,,,
Red Willow Creek Diversion,Do Not Include,,Storage,0,--,,"GP Hydromet - RWNE (canal gage, no storage, gage height only)",,,,,,,,,
American Falls,Include (Omit % Avg if needed),RISE,Storage,RISE,7167,USBR Enterprise Asset Registry,,,1672590,American Falls,American Falls Reservoir (American Falls Dam),,,,,
Billy Clapp,Include (Omit % Avg if needed),RISE,Storage,RISE,7168,USBR Enterprise Asset Registry,,,64200,Billy Clapp (Pinto Dam),Billy Clapp Lake (Pinto Dam),,,,,
Conconully Lake,Include (Omit % Avg if needed),RISE,Storage,RISE,7169,USBR Enterprise Asset Registry,,,15700,Conconully Reservoir (Salmon Lake Dam),Conconully Lake (Salmon Lake Dam),,,,,
Cle Elum,Include (Omit % Avg if needed),RISE,Storage,RISE,7170,USBR Enterprise Asset Registry,,,705500,Cle Elum,Cle Elum Lake (Cle Elum Dam),,,,,
Robles-Casitas Diversion,Do Not Include,,Storage,0,--,,,,,,,,,,,
Cold Springs,Include (Omit % Avg if needed),RISE,Storage,RISE,7171,USBR Enterprise Asset Registry,,,39260,Cold Springs,Cold Springs Reservoir (Cold Springs Dam),,,,,
Roza Diversion,Do Not Include,,Storage,0,--,,,,,,,,,,,
Rubber Detention Dam,Do Not Include,,Storage,0,--,,,,,,,,,,,
Crane Prairie,Include (Omit % Avg if needed),RISE,Storage,RISE,7172,USBR Enterprise Asset Registry,,,59724,Crane Prairie,Crane Prairie Reservoir (Crane Prairie Dam),,,,,
S Line,Do Not Include,,Storage,0,--,,,,,,,,,,,
Sagouspe,Do Not Include,,Storage,0,--,,,,,,,,,,,
Saguaro,Do Not Include,,Storage,0,--,,,,,,,,,,,
Saint Marys Diversion,Do Not Include,,Storage,0,--,,,,,,,,,,,
Salmon Creek Diversion,Do Not Include,,Storage,0,--,,,,,,,,,,,
Salton Sea,Do Not Include,,Storage,0,3711,,,,,,,,,,,
San Acacia Dam,Do Not Include,,Storage,0,--,,,,,,,,,,,
San Justo,Do Not Include,,Storage,0,--,,,,,,,,,,,
San Luis,Do Not Include,,Storage,0,3730,,,,,,,,,,,
Sand Coulee Protective Dike,Do Not Include,,Storage,0,--,,,,,,,,,,,
Sand Mesa 1,Do Not Include,,Storage,0,--,,,,,,,,,,,
Sand Mesa 2,Do Not Include,,Storage,0,--,,,,,,,,,,,
Crescent,Include if possible,RISE,Storage,RISE,7173,TBD,"Active Storage of 86900, Storage data will be in RISE",Get capacity,--,Crescent Lake,Crescent Lake (Crescent Lake Dam),,,,,
Sawyer Diversion,Do Not Include,,Storage,0,--,,,,,,,,,,,
Emigrant,Include (Omit % Avg if needed),RISE,Storage,RISE,7174,USBR Enterprise Asset Registry,,,40500,Emigrant,Emigrant Reservoir (Emigrant Dam),,,,,
Black Canyon,Include (Omit % Avg if needed),RISE,Storage,RISE,7175,USBR Enterprise Asset Registry,,,29822,Black Canyon (Black Canyon Diversion Dam),Black Canyon Reservoir (Black Canyon Diversion Dam),,,,,
Selig Diversion,Do Not Include,,Storage,0,--,,,,,,,,,,,
Fish,Include (Omit % Avg if needed),RISE,Storage,RISE,7176,USBR Enterprise Asset Registry,,,7836,Fish Lake,Fish Lake (Fish Lake Dam),,,,,
Senator Wash,Do Not Include,,Storage,0,--,,,,,,,,,,,
Fourmile,Include (Omit % Avg if needed),RISE,Storage,RISE,7177,USBR Enterprise Asset Registry,,,15600,Fourmile Lake,Fourmile Lake (Fourmile Lake Dam),,,,,
Grassy,Include (Omit % Avg if needed),RISE,Storage,RISE,7178,USBR Enterprise Asset Registry,,,15452,Grassy Lake,Grassy Lake (Grassy Lake Dam),,,,,
Haystack,Include (Omit % Avg if needed),RISE,Storage,RISE,7179,USBR Enterprise Asset Registry,,,5650,Haystack,Haystack Reservoir (Haystack Dam),,,,,
Sheckler,Do Not Include,,Storage,0,--,,,,,,,,,,,
Hungry Horse,Include (Omit % Avg if needed),RISE,Storage,RISE,7181,USBR Enterprise Asset Registry,,,3467179,Hungry Horse,Hungry Horse Reservoir (Hungry Horse Dam),,,,,
Sheridan County State Lake,Do Not Include,,Storage,0,3712,,,,,,,,,,,
Silt Diversion Dam,Do Not Include,,Storage,0,--,,,,,,,,,,,
Howard Prairie,Include (Omit % Avg if needed),RISE,Storage,RISE,7182,USBR Enterprise Asset Registry,,,62100,Howard Prairie,Howard Prairie Reservoir (Howard Prairie Dam),,,,,
Slaterville Diversion,Do Not Include,,Storage,0,--,,,,,,,,,,,
Smith Fork Diversion Dam,Do Not Include,,Storage,0,--,,,,,,,,,,,
Snyder,Do Not Include,,Storage,0,--,,,,,,,,,,,
Soda,Do Not Include,,Storage,0,--,,,,,,,,,,,
Soda Creek Diversion,Do Not Include,,Storage,0,--,,,,,,,,,,,
Hyatt,Include (Omit % Avg if needed),RISE,Storage,RISE,7183,USBR Enterprise Asset Registry,,,16200,Hyatt,Hyatt Reservoir (Hyatt Dam),,,,,
South Cunningham Creek Diversion,Do Not Include,,Storage,0,--,,,,,,,,,,,
South Fork Diversion,Do Not Include,,Storage,0,--,,,,,,,,,,,
South Fork Little Butte Diversion,Do Not Include,,Storage,0,--,,,,,,,,,,,
South Ogden Equalizing Reservoir 13,Do Not Include,,Storage,0,--,,,,,,,,,,,
South Ogden Equalizing Reservoir 17,Do Not Include,,Storage,0,--,,,,,,,,,,,
South Ogden Equalizing Reservoir 20,Do Not Include,,Storage,0,--,,,,,,,,,,,
South Ogden Equalizing Reservoir 25,Do Not Include,,Storage,0,--,,,,,,,,,,,
South Ogden Equalizing Reservoir 25A,Do Not Include,,Storage,0,--,,,,,,,,,,,
South Ogden Equalizing Reservoir 25B,Do Not Include,,Storage,0,--,,,,,,,,,,,
South Ogden Equalizing Reservoir 8,Do Not Include,,Storage,0,--,,,,,,,,,,,
South Ogden Equalizing Reservoir P,Do Not Include,,Storage,0,--,,,,,,,,,,,
Spanish Fork Diversion,Do Not Include,,Storage,0,--,,,,,,,,,,,
Spectacle,Do Not Include,,Storage,0,--,,,,,,,,,,,
Island Park,Include (Omit % Avg if needed),RISE,Storage,RISE,7184,USBR Enterprise Asset Registry,,,135585,Island Park,Island Park Reservoir (Island Park Dam),,,,,
Jackson,Include (Omit % Avg if needed),RISE,Storage,RISE,7185,USBR Enterprise Asset Registry,,,847000,Jackson Lake,Jackson Lake (Jackson Lake Dam),,,,,
Kachess,Include (Omit % Avg if needed),RISE,Storage,RISE,7186,USBR Enterprise Asset Registry,,,239000,Kachess,Kachess Lake (Kachess Dam),,,,,
Keechelus,Include (Omit % Avg if needed),RISE,Storage,RISE,7187,USBR Enterprise Asset Registry,,,158000,Keechelus,Keechelus Lake (Keechelus Dam),,,,,
Lowell,Include (Omit % Avg if needed),RISE,Storage,RISE,7188,USBR Enterprise Asset Registry,,,173043,Lowell (Deer Flat Dam),Lake Lowell (Deer Flat Dam),,,,,
Stoddard Diversion,Do Not Include,,Storage,0,--,,,,,,,,,,,
Stony Gorge,Do Not Include,,Storage,0,--,,,,,,,,,,,
Lucky Peak,Include if possible,https://water.usace.army.mil/cda/reporting/providers/nww/timeseries?name=LUC.Stor-Total.Inst.0.0.USBR-COMPUTED-REV&begin=2026-01-27T04:59:39.208Z&end=2026-02-03T04:59:39.208Z&format=csv,Storage,USACE,luc,USACE https://water.usace.army.mil/cda/documents/wc/3412/Boise%20WCM%202025%20Redacted.pdf Table 2-15,https://water.usace.army.mil/overview/nww/locations/luc,Use USACE Data,"307,043",Lucky Peak,Lucky Peak Reservoir (Lucky Peak Dam),,,,,
Walcott,Include (Omit % Avg if needed),RISE,Storage,RISE,7191,USBR Enterprise Asset Registry,,,210200,Walcott (Minidoka Dam),Lake Walcott (Minidoka Dam),,,,,
Sunnyside Diversion,Do Not Include,,Storage,0,--,,,,,,,,,,,
Owyhee,Include (Omit % Avg if needed),RISE,Storage,RISE,7192,USBR Enterprise Asset Registry,,,1120000,Owyhee,Lake Owyhee (Owyhee Dam),,,,,
Sweetwater Diversion,Do Not Include,,Storage,0,--,,,,,,,,,,,
Swift Dam and,Do Not Include,,Storage,0,490,,,,,,,,,,,
Palisades,Include (Omit % Avg if needed),RISE,Storage,RISE,7193,USBR Enterprise Asset Registry,,,1402000,Palisades,Palisades Reservoir (Palisades Dam),,,,,
Mason,Include (Omit % Avg if needed),RISE,Storage,RISE,7195,USBR Enterprise Asset Registry,,,95500,Mason,Mason Reservoir (Mason Dam),,,,,
Terminal,Do Not Include,,Storage,0,--,,,,,,,,,,,
Texana,Do Not Include,,Storage,0,3660,,,,,,,,,,,
Theodore Roosevelt,Do Not Include,,Storage,0,3713,,,,,,,,,,,
Rimrock,Include (Omit % Avg if needed),RISE,Storage,RISE,7196,USBR Enterprise Asset Registry,,,198000,Rimrock (Tieton Dam),Rimrock Lake (Tieton Dam),,,,,
Three Mile Falls Diversion,Do Not Include,,Storage,0,--,,,,,,,,,,,
Ririe,Include (Omit % Avg if needed),RISE,Storage,RISE,7197,USBR Enterprise Asset Registry,,,100500,Ririe,Ririe Reservoir (Ririe Dam),,,,,
Tieton Diversion,Do Not Include,,Storage,0,--,,,,,,,,,,,
Timpanogos Diversion,Do Not Include,,Storage,0,--,,,,,,,,,,,
Toats Coulee Creek Diversion,Do Not Include,,Storage,0,--,,,,,,,,,,,
Mann,Include (Omit % Avg if needed),RISE,Storage,RISE,7198,USBR Enterprise Asset Registry,,,2440,Mann (Reservoir A Dam),Mann Lake (Reservoir A Dam),,,,,
Trail Lake (WA),Do Not Include,,Storage,0,--,,,,,,,,,,,
Soldiers Meadow,Include (Omit % Avg if needed),RISE,Storage,RISE,7199,USBR Enterprise Asset Registry,,,2370,Soldiers Meadow,Soldiers Meadow Reservoir (Soldiers Meadow Dam),,,,,
Clear Lake (OR),Include (Omit % Avg if needed),RISE,Storage,RISE,7200,USBR Enterprise Asset Registry,,,13066,Clear Lake (Wasco Dam),Clear Lake (OR) (Wasco Dam),,,,,
Wickiup,Include (Omit % Avg if needed),RISE,Storage,RISE,7201,USBR Enterprise Asset Registry,,,200000,Wickiup,Wickiup Reservoir (Wickiup Dam),,,,,
Tub Springs Creek Diversion,Do Not Include,,Storage,0,--,,,,,,,,,,,
Little Wood River,Include (Omit % Avg if needed),RISE,Storage,RISE,7202,USBR Enterprise Asset Registry,,,30000,Little Wood River,Little Wood River Reservoir (Little Wood River Dam),,,,,
Banks,Include (Omit % Avg if needed),RISE,Storage,RISE,7264,USBR Enterprise Asset Registry,,,1275000,Banks Lake (Dry Falls Dam),Banks Lake (Dry Falls Dam),,,,,
Potholes,Include (Omit % Avg if needed),RISE,Storage,RISE,7265,USBR Enterprise Asset Registry,,,511700,Potholes (O'Sullivan Dam),Potholes Reservoir (O'Sullivan Dam),,,,,
Twitchell,Do Not Include,,Storage,0,--,,,,,,,,,,,
Scooteney,Include (Omit % Avg if needed),RISE,Storage,RISE,7266,USBR Enterprise Asset Registry,,,15250,Scooteney (Scooteney Dikes),Scooteney Reservoir (Scooteney Dikes),,,,,
Upper Cottonwood,Do Not Include,,Storage,0,--,,,,,,,,,,,
Boca,Include if possible,USGS Boca Res NR Truckee CA - USGS-10344490,Storage,USGS,10344490,USBR Enterprise Asset Registry,Boca Res NR Truckee CA - USGS-10344490 and https://www.troa.net/tis,Use USGS Data,41110,Boca,Boca Reservoir (Boca Dam),-120.0955,39.3901,,,
Upper Slaven Diversion,Do Not Include,,Storage,0,--,,,,,,,,,,,
Cheney,Include if possible,RISE (Pending),Storage,RISE (Pending),--,USBR Enterprise Asset Registry,GP Hydromet - CHENEY (has storage),Add Storage Data to RISE,262736,Cheney,Cheney Reservoir (Cheney Dam),-97.802,37.723,,,
Conconully Reservoir,Include if possible,RISE (Pending),Storage,RISE (Pending),--,USBR Enterprise Asset Registry,Storage: https://www.usbr.gov/pn-bin/daily.pl?station=ccr&format=html&year=2025&month=12&day=29&year=2026&month=1&day=27&pcode=af,Add Storage Data to RISE,13000,Conconully (Conconully Dam),Conconully Reservoir (Conconully Dam),-119.7523,48.5381,,,
Ute,Do Not Include,,Storage,0,3714,,,,,,,,,,,
Gerber,Include if possible,RISE (Pending),Storage,RISE (Pending),--,USBR Enterprise Asset Registry,storage: Hydromet data https://www.usbr.gov/pn/hydromet/klamath/kinstant_graph.html?cbtt=GER&pcode=AF,Add Storage Data to RISE,94300,Gerber,Gerber Reservoir (Gerber Dam),-121.13,42.2012,,,
Vandalia Diversion,Do Not Include,,Storage,0,--,,,,,,,,,,,
Vat Diversion,Do Not Include,,Storage,0,--,,,,,,,,,,,
Helena Valley,Include if possible,RISE (Pending),Storage,RISE (Pending),--,USBR Enterprise Asset Registry,GP Hydromet - HVT (has storage),Add Storage Data to RISE,10451,Helena Valley,Helena Valley Reservoir (Helena Valley Dam),-111.8828,46.6413,,,
Kortes,Include if possible,RISE (Pending),Storage,RISE (Pending),--,USBR Enterprise Asset Registry,MB Hydromet - KORR (has storage),Add Storage Data to RISE,4739,Kortes,Kortes Reservoir (Kortes Dam),-106.8808,42.1742,,,
Waha,Do Not Include,,Storage,0,3661,,,,,,,,,,,
Meredith,Include if possible,RISE (Pending),Storage,RISE (Pending),--,USBR Enterprise Asset Registry,GP Hydromet - SANFORD (has storage),Add Storage Data to RISE,1358594,Meredith (Sanford Dam),Lake Meredith (Sanford Dam),-101.5525,35.7142,,,
Wapato Lake Diversion,Do Not Include,,Storage,0,--,,,,,,,,,,,
Wapatox Diversion,Do Not Include,,Storage,0,--,,,,,,,,,,,
Of The Arbuckles,Include if possible,RISE (Pending),Storage,RISE (Pending),--,USBR Enterprise Asset Registry,GP Hydromet - ARBUCK (has storage),Add Storage Data to RISE,108596,Lake Of The Arbuckles (Arbuckle Dam),Lake Of The Arbuckles (Arbuckle Dam),-97.0278,34.4331,,,
Warren H. Brock,Do Not Include,,Storage,0,--,,,,,,,,,,,
Wasatch Diversion,Do Not Include,,Storage,0,--,,,,,,,,,,,
Prosser Creek,Include if possible,USGS Prosser C Res NR Truckee CA - USGS-10340300,Storage,USGS,10340300,USBR Enterprise Asset Registry,Prosser C Res NR Truckee CA - USGS-10340300;  https://www.troa.net/tis/,Use USGS Data,29840,Prosser Creek,Prosser Creek Reservoir (Prosser Creek Dam),-120.1386,39.3789,,,
Water Hollow Diversion,Do Not Include,,Storage,0,--,,,,,,,,,,,
Webb Creek Diversion,Do Not Include,,Storage,0,--,,,,,,,,,,,
Weber Basin Equalizing Reservoir 1.9,Do Not Include,,Storage,0,--,,,,,,,,,,,
Weber Basin Equalizing Reservoir 17.2,Do Not Include,,Storage,0,--,,,,,,,,,,,
Weber Basin Equalizing Reservoir 17.8,Do Not Include,,Storage,0,--,,,,,,,,,,,
Weber Basin Equalizing Reservoir 18 Lower,Do Not Include,,Storage,0,--,,,,,,,,,,,
Weber Basin Equalizing Reservoir 18 Upper,Do Not Include,,Storage,0,--,,,,,,,,,,,
Weber Basin Equalizing Reservoir 18.5,Do Not Include,,Storage,0,--,,,,,,,,,,,
Weber Basin Equalizing Reservoir 18.8,Do Not Include,,Storage,0,--,,,,,,,,,,,
Weber Basin Equalizing Reservoir 18.9,Do Not Include,,Storage,0,--,,,,,,,,,,,
Weber Basin Equalizing Reservoir 19.5 Lower,Do Not Include,,Storage,0,--,,,,,,,,,,,
Weber Basin Equalizing Reservoir 19.5 Upper,Do Not Include,,Storage,0,--,,,,,,,,,,,
Weber Basin Equalizing Reservoir 2.6,Do Not Include,,Storage,0,--,,,,,,,,,,,
Weber Basin Equalizing Reservoir 4.3,Do Not Include,,Storage,0,--,,,,,,,,,,,
Weber Basin Equalizing Reservoir 5.0,Do Not Include,,Storage,0,--,,,,,,,,,,,
Weber Basin Equalizing Reservoir Combe,Do Not Include,,Storage,0,--,,,,,,,,,,,
Weber Basin Equalizing Reservoir East Sand Ridge,Do Not Include,,Storage,0,--,,,,,,,,,,,
Weber Basin Equalizing Reservoir Farmington,Do Not Include,,Storage,0,--,,,,,,,,,,,
Weber Basin Equalizing Reservoir P3.7,Do Not Include,,Storage,0,--,,,,,,,,,,,
Weber Basin Equalizing Reservoir Uintah Bench Lower,Do Not Include,,Storage,0,--,,,,,,,,,,,
Weber Basin Equalizing Reservoir Uintah Bench Upper,Do Not Include,,Storage,0,--,,,,,,,,,,,
Weber Basin Equalizing Reservoir West Sand Ridge,Do Not Include,,Storage,0,--,,,,,,,,,,,
Weber Provo Diversion,Do Not Include,,Storage,0,--,,,,,,,,,,,
Rifle Gap,Include if possible,RISE (Pending),Storage,RISE (Pending),--,USBR Enterprise Asset Registry,https://www.usbr.gov/uc/water/hydrodata/reservoir_data/961/dashboard.html#storage/,Add Storage Data to RISE,13602,Rifle Gap,Rifle Gap Reservoir (Rifle Gap Dam),-107.7595,39.6279,,,
West Park,Do Not Include,,Storage,0,--,,,,,,,,,,,
Whalen Diversion,Do Not Include,,Storage,0,--,,,,,,,,,,,
Whatcom,Do Not Include,,Storage,0,3662,,,,,,,,,,,
Stampede,Include if possible,USGS STAMPEDE RES NR BOCA CA - USGS-10344300 ,Storage,USGS STAMPEDE RES NR BOCA CA - USGS-10344300 ,--,USBR Enterprise Asset Registry,USGS 10344300 STAMPEDE RES NR BOCA CA,Use USGS Data,226500,Stampede,Stampede Reservoir (Stampede Dam),-120.1039,39.4751,,,
Tahoe,Include if possible,https://cdec.water.ca.gov/dynamicapp/req/CSVDataServlet?Stations=THC&SensorNums=15&dur_code=D&Start=2018-01-02&End=2026-02-02,Storage,CDEC,THC,USBR Enterprise Asset Registry,https://www.troa.net/tis/ https://nevada.usgs.gov/tahoe/LakeElevation.html,Use TROA data?,744000,Tahoe (Lake Tahoe Dam),Lake Tahoe Reservoir (Lake Tahoe Dam),-120.144,39.1671,,,
Twin Buttes,Include if possible,RISE (Pending),Storage,RISE (Pending),--,USBR Enterprise Asset Registry,GP Hydromet - TRGT (has storage),Add Storage Data to RISE,641234,Twin Buttes,Twin Buttes Reservoir (Twin Buttes Dam),-100.5284,31.3656,,,
Willow Creek Forebay,Do Not Include,,Storage,0,--,,,,,,,,,,,
Upper Klamath,Include if possible,USGS Elevation https://waterdata.usgs.gov/monitoring-location/USGS-11507001,Elevation,USGS,11507001,USBR Enterprise Asset Registry,Storage: USGS?USGS Elevation: https://waterdata.usgs.gov/monitoring-location/USGS-11507001,"Use USGS Data, calculate storage from elevation",735000,Upper Klamath (Link River Diversion Dam),Upper Klamath Lake (Link River Diversion Dam),-121.8019,42.2339,,,
Vega,Include if possible,RISE (Pending),Storage,RISE (Pending),--,USBR Enterprise Asset Registry,https://www.usbr.gov/uc/water/hydrodata/reservoir_data/924/dashboard.html,Add Storage Data to RISE,33800,Vega,Vega Reservoir (Vega Dam),-107.8108,39.2243,,,
Willwood Diversion,Do Not Include,,Storage,0,--,,,,,,,,,,,
Win Diversion,Do Not Include,,Storage,0,--,,,,,,,,,,,
Wind River Diversion,Do Not Include,,Storage,0,--,,,,,,,,,,,
Winters Creek,Do Not Include,,Storage,0,507,,,,,,,,,,,
Woodston Diversion,Do Not Include,,Storage,0,--,,,,,,,,,,,
Yellowstone River Diversion,Do Not Include,,Storage,0,--,,,,,,,,,,,
Yellowtail Afterbay,Do Not Include,,Storage,0,6882,,,,,,,,,,,
Zuni Salt,Do Not Include,,Storage,0,3735,,,,,,,,,,,